company,domain,source,bucket,label,url,reason
1kosmos.com,1kosmos.com,nav_footer,nav,Careers Hiring Hiring,https://apply.workable.com/1kosmos/,"people, careers or company"
1kosmos.com,1kosmos.com,sitemap,solution,Customer,https://www.1kosmos.com/solutions/identity/customer,"site section, not an offering"
1kosmos.com,1kosmos.com,sitemap,solution,Education,https://www.1kosmos.com/solutions/industry/education,industry or vertical
1kosmos.com,1kosmos.com,sitemap,solution,Financial Services,https://www.1kosmos.com/solutions/industry/financial-services,industry or vertical
1kosmos.com,1kosmos.com,sitemap,solution,Government,https://www.1kosmos.com/solutions/identity/government,industry or vertical
1kosmos.com,1kosmos.com,sitemap,solution,Healthcare,https://www.1kosmos.com/solutions/industry/healthcare,industry or vertical
1kosmos.com,1kosmos.com,sitemap,solution,Manufacturing,https://www.1kosmos.com/solutions/industry/manufacturing,industry or vertical
1kosmos.com,1kosmos.com,sitemap,solution,Public Sector,https://www.1kosmos.com/solutions/industry/public-sector,industry or vertical
1kosmos.com,1kosmos.com,sitemap,solution,Retail,https://www.1kosmos.com/solutions/industry/retail,industry or vertical
absolute.com,absolute.com,sitemap,platform,Cve 2009 5150,https://www.absolute.com/platform/security-information/vulnerability-archive/cve-2009-5150,CVE identifier
absolute.com,absolute.com,sitemap,platform,Cve 2009 5151,https://www.absolute.com/platform/security-information/vulnerability-archive/cve-2009-5151,CVE identifier
absolute.com,absolute.com,sitemap,platform,Cve 2009 5152,https://www.absolute.com/platform/security-information/vulnerability-archive/cve-2009-5152,CVE identifier
absolute.com,absolute.com,sitemap,platform,Cve 2024 37343,https://www.absolute.com/platform/security-information/vulnerability-archive/cve-2024-37343,CVE identifier
absolute.com,absolute.com,sitemap,platform,Cve 2024 37344,https://www.absolute.com/platform/security-information/vulnerability-archive/cve-2024-37344,CVE identifier
absolute.com,absolute.com,sitemap,platform,Cve 2024 37345,https://www.absolute.com/platform/security-information/vulnerability-archive/cve-2024-37345,CVE identifier
absolute.com,absolute.com,sitemap,platform,Cve 2024 37346,https://www.absolute.com/platform/security-information/vulnerability-archive/cve-2024-37346,CVE identifier
absolute.com,absolute.com,sitemap,platform,Cve 2024 37347,https://www.absolute.com/platform/security-information/vulnerability-archive/cve-2024-37347,CVE identifier
absolute.com,absolute.com,sitemap,platform,Cve 2024 37348,https://www.absolute.com/platform/security-information/vulnerability-archive/cve-2024-37348,CVE identifier
absolute.com,absolute.com,sitemap,platform,Cve 2024 37349,https://www.absolute.com/platform/security-information/vulnerability-archive/cve-2024-37349,CVE identifier
absolute.com,absolute.com,sitemap,platform,Cve 2024 37350,https://www.absolute.com/platform/security-information/vulnerability-archive/cve-2024-37350,CVE identifier
absolute.com,absolute.com,sitemap,platform,Cve 2024 37351,https://www.absolute.com/platform/security-information/vulnerability-archive/cve-2024-37351,CVE identifier
absolute.com,absolute.com,sitemap,platform,Cve 2024 37352,https://www.absolute.com/platform/security-information/vulnerability-archive/cve-2024-37352,CVE identifier
absolute.com,absolute.com,sitemap,platform,Cve 2024 40872,https://www.absolute.com/platform/security-information/vulnerability-archive/cve-2024-40872,CVE identifier
absolute.com,absolute.com,sitemap,platform,Cve 2024 40873,https://www.absolute.com/platform/security-information/vulnerability-archive/cve-2024-40873,CVE identifier
absolute.com,absolute.com,sitemap,platform,Cve 2024 6364,https://www.absolute.com/platform/security-information/vulnerability-archive/cve-2024-6364,CVE identifier
absolute.com,absolute.com,sitemap,platform,Cve 2025 27702,https://www.absolute.com/platform/security-information/vulnerability-archive/cve-2025-27702,CVE identifier
absolute.com,absolute.com,sitemap,platform,Cve 2025 27703,https://www.absolute.com/platform/security-information/vulnerability-archive/cve-2025-27703,CVE identifier
absolute.com,absolute.com,sitemap,platform,Cve 2025 27706,https://www.absolute.com/platform/security-information/vulnerability-archive/cve-2025-27706,CVE identifier
absolute.com,absolute.com,sitemap,platform,Cve 2025 49080,https://www.absolute.com/platform/security-information/vulnerability-archive/cve-2025-49080,CVE identifier
absolute.com,absolute.com,sitemap,platform,Cve 2025 49081,https://www.absolute.com/platform/security-information/vulnerability-archive/cve-2025-49081,CVE identifier
absolute.com,absolute.com,sitemap,platform,Cve 2025 49082,https://www.absolute.com/platform/security-information/vulnerability-archive/cve-2025-49082,CVE identifier
absolute.com,absolute.com,sitemap,platform,Cve 2025 49083,https://www.absolute.com/platform/security-information/vulnerability-archive/cve-2025-49083,CVE identifier
absolute.com,absolute.com,sitemap,platform,Cve 2025 49084,https://www.absolute.com/platform/security-information/vulnerability-archive/cve-2025-49084,CVE identifier
absolute.com,absolute.com,sitemap,platform,Cve 2025 54085,https://www.absolute.com/platform/security-information/vulnerability-archive/cve-2025-54085,CVE identifier
absolute.com,absolute.com,sitemap,platform,Cve 2025 54086,https://www.absolute.com/platform/security-information/vulnerability-archive/cve-2025-54086,CVE identifier
absolute.com,absolute.com,sitemap,platform,Cve 2025 54087,https://www.absolute.com/platform/security-information/vulnerability-archive/cve-2025-54087,CVE identifier
absolute.com,absolute.com,sitemap,platform,Cve 2025 54088,https://www.absolute.com/platform/security-information/vulnerability-archive/cve-2025-54088,CVE identifier
absolute.com,absolute.com,sitemap,platform,Cve 2025 54089,https://www.absolute.com/platform/security-information/vulnerability-archive/cve-2025-54089,CVE identifier
absolute.com,absolute.com,sitemap,platform,Cve 2025 59595,https://www.absolute.com/platform/security-information/vulnerability-archive/cve-2025-59595,CVE identifier
absolute.com,absolute.com,sitemap,platform,Cve 2025 59596,https://www.absolute.com/platform/security-information/vulnerability-archive/cve-2025-59596,CVE identifier
absolute.com,absolute.com,sitemap,platform,Cve 2026 0517,https://www.absolute.com/platform/security-information/vulnerability-archive/cve-2026-0517,CVE identifier
absolute.com,absolute.com,sitemap,platform,Cve 2026 0518,https://www.absolute.com/platform/security-information/vulnerability-archive/cve-2026-0518,CVE identifier
absolute.com,absolute.com,sitemap,platform,Cve 2026 0519,https://www.absolute.com/platform/security-information/vulnerability-archive/cve-2026-0519,CVE identifier
absolute.com,absolute.com,sitemap,platform,Cve 2026 33446,https://www.absolute.com/platform/security-information/vulnerability-archive/cve-2026-33446,CVE identifier
absolute.com,absolute.com,sitemap,platform,Cve 2026 33447,https://www.absolute.com/platform/security-information/vulnerability-archive/cve-2026-33447,CVE identifier
absolute.com,absolute.com,sitemap,platform,Cve 2026 33448,https://www.absolute.com/platform/security-information/vulnerability-archive/cve-2026-33448,CVE identifier
absolute.com,absolute.com,sitemap,platform,Cve 2026 33449,https://www.absolute.com/platform/security-information/vulnerability-archive/cve-2026-33449,CVE identifier
absolute.com,absolute.com,sitemap,platform,Cve 2026 33450,https://www.absolute.com/platform/security-information/vulnerability-archive/cve-2026-33450,CVE identifier
absolute.com,absolute.com,sitemap,platform,Cve 2026 33451,https://www.absolute.com/platform/security-information/vulnerability-archive/cve-2026-33451,CVE identifier
absolute.com,absolute.com,sitemap,platform,Cve 2026 33452,https://www.absolute.com/platform/security-information/vulnerability-archive/cve-2026-33452,CVE identifier
absolute.com,absolute.com,sitemap,platform,Cve 2026 40949,https://www.absolute.com/platform/security-information/vulnerability-archive/cve-2026-40949,CVE identifier
absolute.com,absolute.com,sitemap,platform,Cve 2026 40950,https://www.absolute.com/platform/security-information/vulnerability-archive/cve-2026-40950,CVE identifier
absolute.com,absolute.com,sitemap,platform,Process,https://www.absolute.com/platform/security-information/process,"site section, not an offering"
absolute.com,absolute.com,nav_footer,solution,Financial Services,https://www.absolute.com/solutions/industries/financial-services,industry or vertical
absolute.com,absolute.com,nav_footer,solution,Government,https://www.absolute.com/solutions/industries/government,industry or vertical
absolute.com,absolute.com,nav_footer,solution,Healthcare,https://www.absolute.com/solutions/industries/healthcare,industry or vertical
absolute.com,absolute.com,nav_footer,solution,Professional Services,https://www.absolute.com/solutions/industries/professional-services,industry or vertical
absolute.com,absolute.com,nav_footer,solution,Transportation,https://www.absolute.com/solutions/industries/transportation,industry or vertical
absolute.com,absolute.com,nav_footer,solution,Utilities,https://www.absolute.com/solutions/industries/utilities,industry or vertical
accenture.com,accenture.com,nav_header,industry,Aerospace and Defense,https://www.accenture.com/en/industries/aerospace-defense,industry or vertical
accenture.com,accenture.com,nav_header,industry,Automotive,https://www.accenture.com/en/industries/automotive,industry or vertical
accenture.com,accenture.com,nav_header,industry,Banking,https://www.accenture.com/en/industries/banking,industry or vertical
accenture.com,accenture.com,nav_header,industry,Capital Markets,https://www.accenture.com/en/industries/capital-markets,industry or vertical
accenture.com,accenture.com,nav_header,industry,Chemicals,https://www.accenture.com/en/industries/chemicals,industry or vertical
accenture.com,accenture.com,nav_header,industry,Energy,https://www.accenture.com/en/industries/energy,industry or vertical
accenture.com,accenture.com,nav_header,industry,Health,https://www.accenture.com/en/industries/health,"site section, not an offering"
accenture.com,accenture.com,nav_header,industry,High Tech,https://www.accenture.com/en/industries/high-tech,industry or vertical
accenture.com,accenture.com,nav_header,industry,Industrial,https://www.accenture.com/en/industries/industrial-equipment,industry or vertical
accenture.com,accenture.com,nav_header,industry,Insurance,https://www.accenture.com/en/industries/insurance,industry or vertical
accenture.com,accenture.com,nav_header,industry,Life Sciences,https://www.accenture.com/en/industries/life-sciences,industry or vertical
accenture.com,accenture.com,nav_header,industry,Private Equity,https://www.accenture.com/en/industries/private-equity,industry or vertical
accenture.com,accenture.com,nav_header,industry,Retail,https://www.accenture.com/en/industries/retail,industry or vertical
accenture.com,accenture.com,nav_header,industry,Travel,https://www.accenture.com/en/industries/travel,industry or vertical
accenture.com,accenture.com,nav_header,industry,Utilities,https://www.accenture.com/en/industries/utilities,industry or vertical
accenture.com,accenture.com,nav_header,nav,Board of Directors,https://investor.accenture.com/corporate-governance/board-of-directors,"people, careers or company"
accenture.com,accenture.com,nav_header,nav,Careers blog,https://www.accenture.com/us-en/blogs/blogs-careers,"event, report or content"
accenture.com,accenture.com,nav_header,nav,Deutsch,https://www.accenture.com/at-de,language switcher
accenture.com,accenture.com,nav_header,nav,English,https://www.accenture.com/en,language switcher
accenture.com,accenture.com,nav_header,nav,Español,https://www.accenture.com/ar-es,language switcher
accenture.com,accenture.com,nav_header,nav,Français,https://www.accenture.com/ca-fr,language switcher
accenture.com,accenture.com,nav_header,nav,Investor Relations,https://investor.accenture.com/,"people, careers or company"
accenture.com,accenture.com,nav_header,nav,Italiano,https://www.accenture.com/it-it,language switcher
accenture.com,accenture.com,nav_header,nav,Polski,https://www.accenture.com/pl-pl,language switcher
accenture.com,accenture.com,nav_header,nav,Português,https://www.accenture.com/br-pt,language switcher
accenture.com,accenture.com,nav_header,service,Customer Service,https://www.accenture.com/en/services/customer-service,"site section, not an offering"
accenture.com,accenture.com,nav_header,service,Learning,https://www.accenture.com/en/services/learning,"site section, not an offering"
accenture.com,accenture.com,nav_header,service,Strategy,https://www.accenture.com/en/services/strategy,"site section, not an offering"
accenture.com,accenture.com,nav_header,service,Sustainability,https://www.accenture.com/en/services/sustainability,"site section, not an offering"
accops.com,accops.com,nav_footer,nav,BFSI,https://www.accops.com/industry-solutions/bfsi,industry or vertical
accops.com,accops.com,nav_footer,nav,Education,https://www.accops.com/industry-solutions/education,industry or vertical
accops.com,accops.com,nav_footer,nav,Healthcare,https://www.accops.com/industry-solutions/healthcare,industry or vertical
accops.com,accops.com,nav_footer,nav,Investor Relations,https://www.accops.com/investor-login,"people, careers or company"
accops.com,accops.com,nav_footer,nav,License Agreement,https://www.accops.com/license-agreement,"pricing, legal or admin"
accops.com,accops.com,nav_header,nav,Product Documentation,https://docs.accops.com,"site section, not an offering"
acecloud.ai,acecloud.ai,nav_header,industry,BFSI,https://acecloud.ai/industries/bfsi/,industry or vertical
acecloud.ai,acecloud.ai,nav_header,industry,Education,https://acecloud.ai/industries/edtech/,industry or vertical
acecloud.ai,acecloud.ai,nav_header,industry,Healthcare,https://acecloud.ai/industries/healthcare/,industry or vertical
acecloud.ai,acecloud.ai,nav_header,industry,Retail and Ecommerce,https://acecloud.ai/industries/retail-and-ecommerce/,industry or vertical
acecloud.ai,acecloud.ai,nav_footer,nav,AWS,https://acecloud.ai/aws/,third-party brand (partner or integration reference)
acecloud.ai,acecloud.ai,nav_footer,nav,Datasheet,https://acecloud.ai/datasheet/,"event, report or content"
acecloud.ai,acecloud.ai,nav_footer,nav,Podcast,https://acecloud.ai/podcast/,"event, report or content"
acecloud.ai,acecloud.ai,nav_footer,nav,[email protected],https://acecloud.ai/cdn-cgi/l/email-protection#0e7d6f626b7d4e6f6d6b6d62617b6a206f67,obfuscated email address
acecloud.ai,acecloud.ai,sitemap,offering,A100 Vs H100,https://acecloud.ai/compare/gpu/a100-vs-h100/,date or release cycle
acecloud.ai,acecloud.ai,nav_header,offering,Marketplace,https://acecloud.ai/cloud/compute/marketplace/,"site section, not an offering"
acecloud.ai,acecloud.ai,nav_header,offering,NVIDIA H100,https://acecloud.ai/cloud/gpu/nvidia-h100/,date or release cycle
acecloud.ai,acecloud.ai,nav_header,offering,NVIDIA H200,https://acecloud.ai/cloud/gpu/nvidia-h200/,date or release cycle
adaptiva.com,adaptiva.com,nav_header,industry,Finance,https://adaptiva.com/industries/finance,industry or vertical
adaptiva.com,adaptiva.com,nav_header,industry,Government,https://adaptiva.com/industries/government,industry or vertical
adaptiva.com,adaptiva.com,nav_header,industry,Healthcare,https://adaptiva.com/industries/healthcare,industry or vertical
adaptiva.com,adaptiva.com,nav_header,industry,Manufacturing,https://adaptiva.com/industries/manufacturing,industry or vertical
adaptiva.com,adaptiva.com,nav_header,industry,Retail,https://adaptiva.com/industries/retail,industry or vertical
aerospike.com,aerospike.com,nav_footer,service,Professional Services,https://aerospike.com/services/professional-services/,industry or vertical
aerospike.com,aerospike.com,nav_footer,service,Technical Support,https://aerospike.com/services/technical-support/,"site section, not an offering"
ahanait.com,ahanait.com,nav_footer,industry,Banking & Finance,https://ahanait.com/industries#banking,industry or vertical
ahanait.com,ahanait.com,sitemap,industry,Healthcare,https://ahanait.com/industries/healthcare,industry or vertical
airowire.com,airowire.com,nav_header,nav,Awards & Recognition,https://airowire.com/about-us/#company-section,"site section, not an offering"
airowire.com,airowire.com,nav_footer,nav,[email protected],https://airowire.com/cdn-cgi/l/email-protection#a7c4c8c9d3c6c4d3e7c6ced5c8d0ced5c289c4c8ca,obfuscated email address
alation.com,alation.com,nav_footer,nav,Community,https://community.alation.com/home,"site section, not an offering"
alation.com,alation.com,nav_footer,nav,Podcast,https://www.alation.com/podcast/,"event, report or content"
algosec.com,algosec.com,nav_header,nav,Deutsch,https://www.algosec.com/de,language switcher
algosec.com,algosec.com,nav_footer,nav,End User License Agreement,https://www.algosec.com/pdf/end-user-license-agreement/,"pricing, legal or admin"
algosec.com,algosec.com,nav_header,nav,Español,https://www.algosec.com/sp,language switcher
algosec.com,algosec.com,nav_header,nav,Français,https://www.algosec.com/fr,language switcher
algosec.com,algosec.com,nav_header,nav,Português,https://www.algosec.com/pt,language switcher
algosec.com,algosec.com,nav_header,solution,Finance,https://www.algosec.com/solutions/finance,industry or vertical
algosec.com,algosec.com,nav_header,solution,Government,https://www.algosec.com/solutions/government,industry or vertical
algosec.com,algosec.com,nav_header,solution,Healthcare,https://www.algosec.com/solutions/healthcare,industry or vertical
algosec.com,algosec.com,nav_header,solution,Insurance,https://www.algosec.com/solutions/insurance,industry or vertical
algosec.com,algosec.com,sitemap,solution,State of Network Security 2026,https://www.algosec.com/solutions/state-of-network-security-2026,date or release cycle
algosec.com,algosec.com,nav_header,solution,Telecommunications,https://www.algosec.com/solutions/telecommunications,industry or vertical
amnex.com,amnex.com,nav_header,industry,Agriculture,https://amnex.com/industries/agriculture/,industry or vertical
amnex.com,amnex.com,nav_header,industry,Logistics,https://amnex.com/industries/logistics/,industry or vertical
amnex.com,amnex.com,nav_header,industry,Utilities,https://amnex.com/industries/utilities/,industry or vertical
amsshardul.com,amsshardul.com,nav_header,nav,Awards,https://www.amsshardul.com/awards-recognitions/firm-awards/,"site section, not an offering"
amsshardul.com,amsshardul.com,nav_header,nav,Insights,https://www.amsshardul.com/insights/,"site section, not an offering"
amsshardul.com,amsshardul.com,sitemap,service,Capital Markets,https://www.amsshardul.com/services/capital-markets/,industry or vertical
amsshardul.com,amsshardul.com,sitemap,service,Private Equity,https://www.amsshardul.com/services/private-equity/,industry or vertical
appsentinels.ai,appsentinels.ai,nav_footer,nav,Banking and Financial Services,https://appsentinels.ai/banking-and-financial-services/,industry or vertical
appsentinels.ai,appsentinels.ai,nav_footer,nav,Healthcare,https://appsentinels.ai/healthcare/,industry or vertical
appsentinels.ai,appsentinels.ai,nav_footer,nav,Public Sector,https://appsentinels.ai/public-sector/,industry or vertical
appsentinels.ai,appsentinels.ai,nav_footer,nav,Retail and eCommerce,https://appsentinels.ai/retail-and-e-commerce/,industry or vertical
appstrail.com,appstrail.com,nav_header,nav,All blog posts,https://www.appstrail.com/insights,"event, report or content"
apptio.com,apptio.com,sitemap,offering,Vmware,https://www.apptio.com/topics/kubernetes/multi-cloud/vmware/,third-party brand (partner or integration reference)
apptio.com,apptio.com,sitemap,product,Aws,https://www.apptio.com/products/kubecost/aws/,third-party brand (partner or integration reference)
apptio.com,apptio.com,sitemap,product,Government,https://www.apptio.com/products/kubecost/government/,industry or vertical
apptio.com,apptio.com,sitemap,product,Professional Services,https://www.apptio.com/products/cloudability/professional-services/,industry or vertical
apptio.com,apptio.com,sitemap,solution,Tbm Summit 2021 Highlights,https://www.apptio.com/solutions/public-sector-it/tbm-summit-2021-highlights/,date or release cycle
arconnet.com,arconnet.com,sitemap,solution,Healthcare,https://arconnet.com/solutions/by-industries/healthcare,industry or vertical
arconnet.com,arconnet.com,sitemap,solution,Telecom,https://arconnet.com/solutions/by-industries/telecom,industry or vertical
arconnet.com,arconnet.com,sitemap,solution,Utilities,https://arconnet.com/solutions/by-industries/utilities,industry or vertical
aryaka.com,aryaka.com,nav_footer,industry,Manufacturing,https://www.aryaka.com/industries/manufacturing-connectivity-security/,industry or vertical
aryaka.com,aryaka.com,nav_footer,nav,Awards & Recognition,https://www.aryaka.com/about-us/awards-recognition/,"site section, not an offering"
aryaka.com,aryaka.com,nav_footer,nav,Deutsch,https://www.aryaka.com/de/,language switcher
aryaka.com,aryaka.com,nav_footer,nav,English,https://www.aryaka.com/,language switcher
aryaka.com,aryaka.com,nav_footer,nav,Español,https://www.aryaka.com/es/,language switcher
aryaka.com,aryaka.com,nav_footer,nav,Events & Webinars,https://www.aryaka.com/events-webinars/,"site section, not an offering"
aryaka.com,aryaka.com,nav_footer,nav,Français,https://www.aryaka.com/fr/,language switcher
aryaka.com,aryaka.com,nav_footer,nav,Português,https://www.aryaka.com/pt-br/,language switcher
auriseg.com,auriseg.com,sitemap,industry,Government,https://www.auriseg.com/industries/government,industry or vertical
auriseg.com,auriseg.com,sitemap,industry,Healthcare,https://www.auriseg.com/industries/healthcare,industry or vertical
auriseg.com,auriseg.com,sitemap,industry,Manufacturing,https://www.auriseg.com/industries/manufacturing,industry or vertical
automationanywhere.com,automationanywhere.com,nav_footer,nav,Awards,https://www.automationanywhere.com/company/awards,"site section, not an offering"
automationanywhere.com,automationanywhere.com,nav_footer,nav,Community,https://community.automationanywhere.com,"site section, not an offering"
automationanywhere.com,automationanywhere.com,nav_header,nav,Deutsch,https://www.automationanywhere.com/de,language switcher
automationanywhere.com,automationanywhere.com,nav_header,nav,English,https://www.automationanywhere.com,language switcher
automationanywhere.com,automationanywhere.com,nav_header,nav,Español,https://www.automationanywhere.com/la,language switcher
automationanywhere.com,automationanywhere.com,nav_header,nav,Français,https://www.automationanywhere.com/fr,language switcher
automationanywhere.com,automationanywhere.com,nav_header,nav,Imagine 2026,https://www.automationanywhere.com/imagine-2026,date or release cycle
automationanywhere.com,automationanywhere.com,nav_footer,nav,Leadership Team,https://www.automationanywhere.com/company/leadership-team,"people, careers or company"
automationanywhere.com,automationanywhere.com,nav_header,nav,Português,https://www.automationanywhere.com/br,language switcher
automationanywhere.com,automationanywhere.com,nav_footer,nav,Product Documentation,https://docs.automationanywhere.com/,"site section, not an offering"
automationanywhere.com,automationanywhere.com,sitemap,solution,Aws,https://www.automationanywhere.com/solutions/aws,third-party brand (partner or integration reference)
automationanywhere.com,automationanywhere.com,sitemap,solution,Banking,https://www.automationanywhere.com/solutions/use-case/banking,industry or vertical
automationanywhere.com,automationanywhere.com,nav_footer,solution,Customer Service,https://www.automationanywhere.com/solutions/customer-service,"site section, not an offering"
automationanywhere.com,automationanywhere.com,sitemap,solution,Customer Support,https://www.automationanywhere.com/solutions/agentic-solutions/customer-support,"site section, not an offering"
automationanywhere.com,automationanywhere.com,sitemap,solution,Energy,https://www.automationanywhere.com/solutions/energy,industry or vertical
automationanywhere.com,automationanywhere.com,nav_footer,solution,Financial Services,https://www.automationanywhere.com/solutions/financial-services,industry or vertical
automationanywhere.com,automationanywhere.com,nav_footer,solution,Healthcare,https://www.automationanywhere.com/solutions/healthcare,industry or vertical
automationanywhere.com,automationanywhere.com,sitemap,solution,Hospitality,https://www.automationanywhere.com/solutions/hospitality,industry or vertical
automationanywhere.com,automationanywhere.com,nav_footer,solution,Human Resources,https://www.automationanywhere.com/solutions/human-resources,industry or vertical
automationanywhere.com,automationanywhere.com,sitemap,solution,Insurance,https://www.automationanywhere.com/solutions/insurance,industry or vertical
automationanywhere.com,automationanywhere.com,nav_footer,solution,Life Sciences,https://www.automationanywhere.com/solutions/life-sciences,industry or vertical
automationanywhere.com,automationanywhere.com,nav_footer,solution,Manufacturing,https://www.automationanywhere.com/solutions/manufacturing,industry or vertical
automationanywhere.com,automationanywhere.com,sitemap,solution,Public Sector,https://www.automationanywhere.com/solutions/public-sector,industry or vertical
automationanywhere.com,automationanywhere.com,sitemap,solution,Telecom,https://www.automationanywhere.com/solutions/telecom,industry or vertical
automationanywhere.com,automationanywhere.com,sitemap,solution,Transportation,https://www.automationanywhere.com/solutions/transportation,industry or vertical
aws.amazon.com,aws.amazon.com,sitemap,product,Customer,https://aws.amazon.com/products/connect/customer/,"site section, not an offering"
aws.amazon.com,aws.amazon.com,sitemap,product,Health,https://aws.amazon.com/products/connect/health/,"site section, not an offering"
aws.amazon.com,aws.amazon.com,sitemap,product,Healthcare,https://aws.amazon.com/products/connect/customer/healthcare/,industry or vertical
aws.amazon.com,aws.amazon.com,sitemap,product,Retail,https://aws.amazon.com/products/connect/customer/retail/,industry or vertical
aws.amazon.com,aws.amazon.com,sitemap,product,Telecom,https://aws.amazon.com/products/connect/customer/telecom/,industry or vertical
aws.amazon.com,aws.amazon.com,sitemap,solution,123rf 2024,https://aws.amazon.com/solutions/case-studies/123rf-2024/,date or release cycle
aws.amazon.com,aws.amazon.com,sitemap,solution,Agriculture,https://aws.amazon.com/solutions/agriculture/,industry or vertical
aws.amazon.com,aws.amazon.com,sitemap,solution,Automotive,https://aws.amazon.com/solutions/automotive/,industry or vertical
aws.amazon.com,aws.amazon.com,sitemap,solution,Cpg,https://aws.amazon.com/solutions/cpg/,industry or vertical
aws.amazon.com,aws.amazon.com,sitemap,solution,Dish 2021 Reinvent Video,https://aws.amazon.com/solutions/case-studies/dish-2021-reinvent-video/,date or release cycle
aws.amazon.com,aws.amazon.com,sitemap,solution,Education,https://aws.amazon.com/solutions/education/,industry or vertical
aws.amazon.com,aws.amazon.com,sitemap,solution,Energy Utilities,https://aws.amazon.com/solutions/energy-utilities/,industry or vertical
aws.amazon.com,aws.amazon.com,sitemap,solution,Financial Services,https://aws.amazon.com/solutions/financial-services/,industry or vertical
aws.amazon.com,aws.amazon.com,sitemap,solution,Sap,https://aws.amazon.com/solutions/sap/,third-party brand (partner or integration reference)
aws.amazon.com,aws.amazon.com,sitemap,solution,Sustainability,https://aws.amazon.com/solutions/sustainability/,"site section, not an offering"
aws.amazon.com,aws.amazon.com,sitemap,solution,Travel,https://aws.amazon.com/solutions/travel/,industry or vertical
azul.com,azul.com,sitemap,industry,Automotive,https://www.azul.com/industries/automotive/,industry or vertical
azul.com,azul.com,sitemap,industry,Energy Utilities,https://www.azul.com/industries/energy-utilities/,industry or vertical
azul.com,azul.com,nav_header,industry,Financial Services,https://www.azul.com/industries/financial-services/,industry or vertical
azul.com,azul.com,nav_header,industry,Gaming,https://www.azul.com/industries/gaming/,industry or vertical
azul.com,azul.com,nav_header,industry,Higher Education,https://www.azul.com/industries/higher-education/,industry or vertical
azul.com,azul.com,sitemap,industry,Manufacturing,https://www.azul.com/industries/manufacturing/,industry or vertical
azul.com,azul.com,sitemap,industry,Public Sector,https://www.azul.com/industries/public-sector/,industry or vertical
azul.com,azul.com,sitemap,industry,Telecommunications,https://www.azul.com/industries/telecommunications/,industry or vertical
azul.com,azul.com,nav_header,nav,Awards,https://www.azul.com/company-product-technology-awards/,"site section, not an offering"
azul.com,azul.com,nav_footer,nav,Find a Partner,https://www.azul.com/partner-directory/,"site section, not an offering"
azul.com,azul.com,nav_header,nav,Gartner Report: Choosing a Java Runtime,https://www.azul.com/report/gartner/,"event, report or content"
azul.com,azul.com,sitemap,product,Cck Terms of Use,https://www.azul.com/products/core/cck-terms-of-use/,"pricing, legal or admin"
azul.com,azul.com,sitemap,product,Openjdk Terms of Use,https://www.azul.com/products/core/openjdk-terms-of-use/,"pricing, legal or admin"
azul.com,azul.com,sitemap,product,Oracle Pricing Change Faq,https://www.azul.com/products/core/oracle-pricing-change-faq/,"pricing, legal or admin"
azul.com,azul.com,nav_header,technology,Kafka,https://www.azul.com/technologies/kafka/,third-party brand (partner or integration reference)
azul.com,azul.com,nav_header,use_case,e-Commerce,https://www.azul.com/use-cases/ecommerce/,industry or vertical
balbix.com,balbix.com,nav_footer,nav,CISO Confidential Podcast,https://www.balbix.com/ciso-confidential-podcast/,"event, report or content"
balbix.com,balbix.com,nav_footer,nav,Cyber Risk Podcast,https://www.balbix.com/cyber-risk-podcast/,"event, report or content"
balbix.com,balbix.com,nav_footer,nav,[email protected],https://www.balbix.com/cdn-cgi/l/email-protection#e38a8d858ca390828586cd90868096918a979a,obfuscated email address
balbix.com,balbix.com,nav_header,solution,By Industry,https://www.balbix.com/solutions/,"site section, not an offering"
balbix.com,balbix.com,nav_header,solution,Financial Services,https://www.balbix.com/solutions/financial-services/,industry or vertical
balbix.com,balbix.com,nav_header,solution,Healthcare,https://www.balbix.com/solutions/healthcare-providers/,industry or vertical
balbix.com,balbix.com,nav_header,solution,Manufacturing,https://www.balbix.com/solutions/manufacturing/,industry or vertical
balbix.com,balbix.com,nav_header,solution,Retail,https://www.balbix.com/solutions/retail-industry/,industry or vertical
barracuda.com,barracuda.com,sitemap,product,Aws,https://www.barracuda.com/products/application-protection/waf-as-a-service/aws,third-party brand (partner or integration reference)
barracuda.com,barracuda.com,sitemap,product,Azure,https://www.barracuda.com/products/application-protection/waf-as-a-service/azure,third-party brand (partner or integration reference)
barracuda.com,barracuda.com,nav_header,product,Plans and Pricing,https://www.barracuda.com/products/email-protection/plans,"pricing, legal or admin"
barracuda.com,barracuda.com,sitemap,product,Whats New Q1 2026,https://www.barracuda.com/products/whats-new/whats-new-q1-2026,date or release cycle
barracuda.com,barracuda.com,sitemap,product,Whats New Q3 2025,https://www.barracuda.com/products/whats-new/whats-new-q3-2025,date or release cycle
barracuda.com,barracuda.com,nav_header,solution,Education,https://www.barracuda.com/solutions/education,industry or vertical
barracuda.com,barracuda.com,nav_header,solution,Financial Services,https://www.barracuda.com/solutions/financial-services,industry or vertical
barracuda.com,barracuda.com,nav_header,solution,Healthcare,https://www.barracuda.com/solutions/healthcare,industry or vertical
barracuda.com,barracuda.com,nav_header,solution,Manufacturing,https://www.barracuda.com/solutions/manufacturing,industry or vertical
barracuda.com,barracuda.com,nav_header,solution,Retail,https://www.barracuda.com/solutions/retail,industry or vertical
blackduck.com,blackduck.com,nav_footer,nav,Demos,https://www.blackduck.com/contact-sales.html,"site section, not an offering"
blackduck.com,blackduck.com,nav_footer,nav,English,https://www.blackduck.com/,language switcher
blackduck.com,blackduck.com,nav_footer,nav,Japanese,https://www.blackduck.com/ja-jp.html,language switcher
blackduck.com,blackduck.com,nav_footer,nav,Software and Application Security Blog,https://www.blackduck.com/blog.html,"event, report or content"
blackduck.com,blackduck.com,nav_header,solution,Automotive,https://www.blackduck.com/solutions/automotive.html,industry or vertical
blackduck.com,blackduck.com,nav_header,solution,Financial Services,https://www.blackduck.com/solutions/financial-services.html,industry or vertical
blackduck.com,blackduck.com,sitemap,solution,Government,https://www.blackduck.com/ja-jp/solutions/government.html,industry or vertical
blackduck.com,blackduck.com,sitemap,solution,Healthcare,https://www.blackduck.com/ja-jp/solutions/healthcare.html,industry or vertical
blackduck.com,blackduck.com,nav_header,solution,Public Sector,https://www.blackduck.com/solutions/government.html,industry or vertical
blueyonder.com,blueyonder.com,nav_header,industry,Automotive,https://blueyonder.com/industries/automotive,industry or vertical
blueyonder.com,blueyonder.com,nav_header,industry,Consumer Goods,https://blueyonder.com/industries/consumer-goods,industry or vertical
blueyonder.com,blueyonder.com,nav_header,industry,High Tech,https://blueyonder.com/industries/high-tech,industry or vertical
blueyonder.com,blueyonder.com,nav_header,industry,Life Sciences,https://blueyonder.com/industries/life-sciences,industry or vertical
blueyonder.com,blueyonder.com,nav_header,nav,Deutsch,https://de.blueyonder.com,language switcher
blueyonder.com,blueyonder.com,nav_header,nav,English,https://blueyonder.com/,language switcher
blueyonder.com,blueyonder.com,nav_header,nav,Español,https://es.blueyonder.com,language switcher
blueyonder.com,blueyonder.com,nav_footer,nav,Find a Partner,https://success.blueyonder.com/s/partner-locator,"site section, not an offering"
blueyonder.com,blueyonder.com,nav_header,nav,Français,https://fr.blueyonder.com,language switcher
blueyonder.com,blueyonder.com,nav_header,nav,Italiano,https://it.blueyonder.com,language switcher
blueyonder.com,blueyonder.com,nav_header,nav,Professional Services,https://blueyonder.com/why-blue-yonder/professional-services,industry or vertical
blueyonder.com,blueyonder.com,nav_footer,nav,Sustainability,https://blueyonder.com/topic/sustainability,"site section, not an offering"
blusapphire.com,blusapphire.com,sitemap,solution,Government,https://www.blusapphire.com/solutions/government,industry or vertical
blusapphire.com,blusapphire.com,sitemap,solution,Manufacturing,https://www.blusapphire.com/solutions/manufacturing,industry or vertical
briskinfosec.com,briskinfosec.com,nav_header,nav,CS Culture Program,https://www.briskinfosec.com/maturity/cybersec-culture,"people, careers or company"
briskinfosec.com,briskinfosec.com,nav_footer,nav,Clients,https://www.briskinfosec.com/clients,"site section, not an offering"
briskinfosec.com,briskinfosec.com,nav_footer,nav,Responsible Disclosure,https://www.briskinfosec.com/responsibledisclosure,"site section, not an offering"
canonical.com,canonical.com,nav_header,nav,Industrial Pi use cases webinar,https://www.brighttalk.com/webcast/6793/514263,"event, report or content"
canonical.com,canonical.com,nav_header,nav,Industry 4.0 webinar,https://ubuntu.com/engage/bridge-the-IT-OT-gap-Industry4,"event, report or content"
canonical.com,canonical.com,nav_header,nav,OpenStack pricing,https://ubuntu.com/openstack/pricing-calculator,"pricing, legal or admin"
canonical.com,canonical.com,sitemap,solution,Private Cloud Pricing,https://canonical.com/solutions/infrastructure/private-cloud-pricing,"pricing, legal or admin"
caps.in,caps.in,nav_footer,nav,Return and Refund Policy,https://caps.in/returnandrefund/,"pricing, legal or admin"
castlercode.com,castlercode.com,nav_header,industry,Capital Markets,https://www.castlercode.com/industry/capital-markets,industry or vertical
castlercode.com,castlercode.com,nav_header,industry,Energy & Utilities,https://www.castlercode.com/industry/energy,industry or vertical
castlercode.com,castlercode.com,nav_header,industry,Insurance,https://www.castlercode.com/industry/insurance,industry or vertical
castlercode.com,castlercode.com,nav_header,industry,Manufacturing,https://www.castlercode.com/industry/manufacturing,industry or vertical
castlercode.com,castlercode.com,nav_header,industry,Telecom,https://www.castlercode.com/industry/telecom,industry or vertical
castlercode.com,castlercode.com,nav_footer,nav,Awards & Recognition,https://www.castlercode.com/awards,"site section, not an offering"
castlercode.com,castlercode.com,nav_footer,nav,Singapore,https://www.castlercode.com/software-escrow/singapore,place or region
castlercode.com,castlercode.com,nav_footer,nav,United Kingdom,https://www.castlercode.com/software-escrow/uk,place or region
castlercode.com,castlercode.com,nav_footer,nav,United States,https://www.castlercode.com/software-escrow/us,place or region
castlercode.com,castlercode.com,sitemap,service,Financial Services,https://www.castlercode.com/services/by-industry/financial-services,industry or vertical
castlercode.com,castlercode.com,sitemap,service,Public Services,https://www.castlercode.com/services/by-industry/public-services,industry or vertical
castsoftware.com,castsoftware.com,nav_header,nav,Public sector,https://learn.castsoftware.com/for-public-sector,industry or vertical
catonetworks.com,catonetworks.com,sitemap,solution,Smb,https://www.catonetworks.com/solutions/smb/,industry or vertical
centroxy.com,centroxy.com,sitemap,industry,Fintech,https://centroxy.com/industries/fintech/,industry or vertical
centroxy.com,centroxy.com,sitemap,industry,Healthcare,https://centroxy.com/industries/healthcare/,industry or vertical
centroxy.com,centroxy.com,sitemap,industry,Telecom,https://centroxy.com/industries/telecom/,industry or vertical
centroxy.com,centroxy.com,nav_footer,nav,Clients,https://centroxy.com/clients/,"site section, not an offering"
checkmarx.com,checkmarx.com,nav_footer,nav,Awards,https://checkmarx.com/company/awards/,"site section, not an offering"
checkmarx.com,checkmarx.com,nav_header,nav,Financial Services,https://checkmarx.com/financial-services/,industry or vertical
checkmarx.com,checkmarx.com,nav_footer,nav,Healthcare,https://checkmarx.com/healthcare/,industry or vertical
checkmarx.com,checkmarx.com,nav_footer,nav,Insurance,https://checkmarx.com/insurance/,industry or vertical
checkmarx.com,checkmarx.com,nav_footer,nav,Life Sciences,https://checkmarx.com/life-sciences/,industry or vertical
checkmarx.com,checkmarx.com,nav_footer,nav,Public Sector,https://checkmarx.com/company/public-sector/,industry or vertical
checkmarx.com,checkmarx.com,nav_header,nav,Zero Blog Checkmarx Zero research,https://checkmarx.com/zero/research/,"event, report or content"
checkpoint.com,checkpoint.com,sitemap,industry,Education,https://www.checkpoint.com/industry/education/,industry or vertical
checkpoint.com,checkpoint.com,sitemap,industry,Financial Services,https://www.checkpoint.com/industry/financial-services/,industry or vertical
checkpoint.com,checkpoint.com,sitemap,industry,Healthcare,https://www.checkpoint.com/industry/healthcare/,industry or vertical
checkpoint.com,checkpoint.com,sitemap,industry,Retail,https://www.checkpoint.com/industry/retail/,industry or vertical
checkred.com,checkred.com,nav_footer,platform,Okta,https://checkred.com/platform/sspm/okta/,third-party brand (partner or integration reference)
checkred.com,checkred.com,nav_footer,platform,Salesforce,https://checkred.com/platform/sspm/salesforce/,third-party brand (partner or integration reference)
checkred.com,checkred.com,nav_footer,platform,ServiceNow,https://checkred.com/platform/sspm/servicenow/,third-party brand (partner or integration reference)
cleanstart.com,cleanstart.com,nav_header,nav,Guides,https://www.cleanstart.com/guide,"site section, not an offering"
cleanstart.com,cleanstart.com,nav_header,nav,Podcast,https://www.cleanstart.com/podcast,"event, report or content"
cleanstart.com,cleanstart.com,nav_header,nav,Resource Center,https://www.cleanstart.com/resource-center,"site section, not an offering"
clickhouse.com,clickhouse.com,nav_header,industry,Automotive,https://clickhouse.com/industries/automotive,industry or vertical
clickhouse.com,clickhouse.com,nav_header,industry,Energy,https://clickhouse.com/industries/energy,industry or vertical
clickhouse.com,clickhouse.com,nav_header,industry,Financial services,https://clickhouse.com/industries/financial-services,industry or vertical
clickhouse.com,clickhouse.com,nav_header,nav,Chinese,https://clickhouse.com/zh?lang=zh,language switcher
clickhouse.com,clickhouse.com,nav_header,nav,Databricks,https://clickhouse.com/clickhouse-for-databricks,third-party brand (partner or integration reference)
clickhouse.com,clickhouse.com,nav_footer,nav,Demos,https://clickhouse.com/demos,"site section, not an offering"
clickhouse.com,clickhouse.com,nav_header,nav,English,https://clickhouse.com/?lang=en,language switcher
clickhouse.com,clickhouse.com,nav_header,nav,French,https://clickhouse.com/fr?lang=fr,language switcher
clickhouse.com,clickhouse.com,nav_header,nav,Japanese,https://clickhouse.com/ja?lang=ja,language switcher
clickhouse.com,clickhouse.com,nav_header,nav,Korean,https://clickhouse.com/ko?lang=ko,language switcher
clickhouse.com,clickhouse.com,nav_footer,nav,Media,https://clickhouse.com/media,industry or vertical
clickhouse.com,clickhouse.com,nav_footer,nav,Meetup,https://www.meetup.com/pro/clickhouse,"event, report or content"
clickhouse.com,clickhouse.com,nav_header,nav,Portuguese,https://clickhouse.com/pt-BR?lang=pt-BR,language switcher
clickhouse.com,clickhouse.com,nav_footer,nav,Slack,https://clickhouse.com/slack,third-party brand (partner or integration reference)
clickhouse.com,clickhouse.com,nav_footer,nav,Snowflake,https://clickhouse.com/comparison/snowflake,third-party brand (partner or integration reference)
clickhouse.com,clickhouse.com,nav_header,nav,Spanish,https://clickhouse.com/es?lang=es,language switcher
clickhouse.com,clickhouse.com,nav_footer,nav,Splunk,https://clickhouse.com/comparison/splunk-for-observability,third-party brand (partner or integration reference)
cloud.google.com,cloud.google.com,nav_header,solution,Financial Services,https://cloud.google.com/solutions/financial-services,industry or vertical
cloud.google.com,cloud.google.com,nav_header,solution,Manufacturing,https://cloud.google.com/solutions/manufacturing,industry or vertical
cloud.google.com,cloud.google.com,nav_header,solution,Media and Entertainment,https://cloud.google.com/solutions/media-entertainment,industry or vertical
cloud.google.com,cloud.google.com,nav_header,solution,Retail,https://cloud.google.com/solutions/retail,industry or vertical
cloud.google.com,cloud.google.com,nav_header,solution,Telecommunications,https://cloud.google.com/solutions/telecommunications,industry or vertical
cloud.in,cloud.in,nav_footer,nav,MeetUp – Pune,https://www.meetup.com/amazon-web-services-aws-meetup-by-cloud-in-pune/,"event, report or content"
cloud.in,cloud.in,nav_footer,nav,Newsletter,https://www.cloud.in/newsletter,"event, report or content"
cloud.in,cloud.in,nav_footer,nav,Privacy Statement,https://www.cloud.in/privacy-statement,"site section, not an offering"
cloud4c.com,cloud4c.com,nav_footer,nav,AWS,https://www.cloud4c.com/aws-cloud-services,third-party brand (partner or integration reference)
cloud4c.com,cloud4c.com,nav_footer,nav,Azure,https://www.cloud4c.com/azure-cloud-services,third-party brand (partner or integration reference)
cloud4c.com,cloud4c.com,nav_header,nav,Banking and Financial Services,https://www.cloud4c.com/industry-offerings/bfsi-transformation,industry or vertical
cloud4c.com,cloud4c.com,nav_header,nav,Board of Directors,https://www.cloud4c.com/cloud4c-board-of-directors-and-committees,"people, careers or company"
cloud4c.com,cloud4c.com,nav_header,nav,Culture,https://www.cloud4c.com/culture,"people, careers or company"
cloud4c.com,cloud4c.com,nav_header,nav,Education,https://www.cloud4c.com/industry-offerings/education-transformation-solutions,industry or vertical
cloud4c.com,cloud4c.com,nav_header,nav,Financial Services,https://www.cloud4c.com/sap/sap-financial-management,industry or vertical
cloud4c.com,cloud4c.com,nav_header,nav,Government,https://www.cloud4c.com/industry-offerings/public-sector-transformation-solutions,industry or vertical
cloud4c.com,cloud4c.com,nav_header,nav,Healthcare,https://www.cloud4c.com/industry-offerings/healthcare-transformation-solutions,industry or vertical
cloud4c.com,cloud4c.com,nav_header,nav,Manufacturing,https://www.cloud4c.com/industry-offerings/manufacturing-transformation-solutions,industry or vertical
cloud4c.com,cloud4c.com,nav_header,nav,Media and Entertainment,https://www.cloud4c.com/industry-offerings/media-and-entertainment-transformation-solutions,industry or vertical
cloud4c.com,cloud4c.com,nav_header,nav,Pharma,https://www.cloud4c.com/industry-offerings/pharma-transformation-solutions,industry or vertical
cloud4c.com,cloud4c.com,nav_header,nav,Real Estate,https://www.cloud4c.com/industry-offerings/real-estate-transformation-solutions,industry or vertical
cloud4c.com,cloud4c.com,nav_header,nav,Retail,https://www.cloud4c.com/industry-offerings/retail-transformation-solutions,industry or vertical
cloud4c.com,cloud4c.com,nav_header,nav,SAP,https://www.cloud4c.com/sap/,third-party brand (partner or integration reference)
cloud4c.com,cloud4c.com,nav_header,nav,Utilities,https://www.cloud4c.com/industry-offerings/utilities-transformation-solutions,industry or vertical
clouddfn.com,clouddfn.com,nav_header,nav,Job Openings,https://www.clouddfn.com/company/job-openings,"people, careers or company"
cloudera.com,cloudera.com,nav_header,nav,Chinese,https://www.clouderacn.cn/,language switcher
cloudera.com,cloudera.com,nav_footer,nav,Community,https://community.cloudera.com/,"site section, not an offering"
cloudera.com,cloudera.com,nav_header,nav,French,https://fr.cloudera.com/,language switcher
cloudera.com,cloudera.com,nav_header,nav,German,https://de.cloudera.com/,language switcher
cloudera.com,cloudera.com,nav_header,nav,Italian,https://it.cloudera.com/,language switcher
cloudera.com,cloudera.com,nav_header,nav,Japanese,https://jp.cloudera.com/,language switcher
cloudera.com,cloudera.com,nav_header,nav,Korean,https://kr.cloudera.com/,language switcher
cloudera.com,cloudera.com,nav_header,nav,Portuguese,https://br.cloudera.com/,language switcher
cloudera.com,cloudera.com,nav_header,nav,Professional Services,https://www.cloudera.com/services-and-support/professional-services.html,industry or vertical
cloudera.com,cloudera.com,nav_header,nav,Spanish,https://es.cloudera.com/,language switcher
cloudera.com,cloudera.com,nav_header,solution,Education,https://www.cloudera.com/solutions/public-sector/education.html,industry or vertical
cloudera.com,cloudera.com,nav_header,solution,Energy & utilities,https://www.cloudera.com/solutions/energy-and-utilities.html,industry or vertical
cloudera.com,cloudera.com,nav_header,solution,Financial services,https://www.cloudera.com/solutions/financial-services.html,industry or vertical
cloudera.com,cloudera.com,nav_header,solution,Healthcare,https://www.cloudera.com/solutions/healthcare.html,industry or vertical
cloudera.com,cloudera.com,nav_header,solution,Insurance,https://www.cloudera.com/solutions/insurance.html,industry or vertical
cloudera.com,cloudera.com,nav_header,solution,Life sciences,https://www.cloudera.com/solutions/life-sciences.html,industry or vertical
cloudera.com,cloudera.com,nav_header,solution,Manufacturing,https://www.cloudera.com/solutions/manufacturing.html,industry or vertical
cloudera.com,cloudera.com,nav_header,solution,Public sector,https://www.cloudera.com/solutions/public-sector.html,industry or vertical
cloudera.com,cloudera.com,nav_header,solution,Retail,https://www.cloudera.com/solutions/retail.html,industry or vertical
cloudera.com,cloudera.com,nav_header,solution,Telecommunications,https://www.cloudera.com/solutions/telecommunications.html,industry or vertical
cloudsek.com,cloudsek.com,nav_footer,nav,Cookies Policy,https://www.cloudsek.com/cookies-policy,"site section, not an offering"
cloudsek.com,cloudsek.com,nav_footer,nav,Life at CloudSEK,https://www.cloudsek.com/work-life,"people, careers or company"
comolho.com,comolho.com,nav_footer,nav,Ad Fraud Detection Patent License,https://www.comolho.com/ad-fraud-detection-technology,"pricing, legal or admin"
comolho.com,comolho.com,nav_footer,nav,COMMUNITY,https://www.comolho.com,"site section, not an offering"
confluent.io,confluent.io,nav_footer,nav,Financial Services,https://www.confluent.io/industry-solutions/financial-services/,industry or vertical
confluent.io,confluent.io,nav_footer,nav,Insurance,https://www.confluent.io/industry-solutions/insurance/,industry or vertical
confluent.io,confluent.io,nav_footer,nav,Investor Relations,https://investors.confluent.io/,"people, careers or company"
confluent.io,confluent.io,nav_footer,nav,Public Sector,https://www.confluent.io/industry-solutions/public-sector/,industry or vertical
confluent.io,confluent.io,nav_footer,nav,Telecommunications,https://www.confluent.io/industry-solutions/telco/,industry or vertical
confluent.io,confluent.io,sitemap,product,Azure,https://www.confluent.io/product/confluent-connectors/azure/,third-party brand (partner or integration reference)
confluent.io,confluent.io,nav_footer,product,Process,https://www.confluent.io/product/flink/,"site section, not an offering"
confluent.io,confluent.io,nav_footer,service,Professional Services,https://www.confluent.io/services/,industry or vertical
consent.in,consent.in,nav_header,nav,Cookie Consent,https://www.consent.in/cookie-consent,"pricing, legal or admin"
consent.in,consent.in,nav_footer,nav,Culture,https://www.leegality.com/culture,"people, careers or company"
consent.in,consent.in,nav_header,nav,Platform Overview,https://www.consent.in/dpdp-compliance-solutions,"site section, not an offering"
coralogix.com,coralogix.com,nav_footer,nav,Cookies Policy,https://coralogix.com/cookies/,"site section, not an offering"
coralogix.com,coralogix.com,nav_footer,nav,Guides,https://coralogix.com/guides/,"site section, not an offering"
coralogix.com,coralogix.com,nav_header,nav,ServiceNow,https://coralogix.com/servicenow-co/,third-party brand (partner or integration reference)
coralogix.com,coralogix.com,nav_header,platform,Explore,https://coralogix.com/platform/explore/,"site section, not an offering"
coralogix.com,coralogix.com,nav_header,solution,AWS,https://coralogix.com/solutions/technology/aws/,third-party brand (partner or integration reference)
coralogix.com,coralogix.com,nav_header,solution,Azure,https://coralogix.com/solutions/technology/azure/,third-party brand (partner or integration reference)
coralogix.com,coralogix.com,nav_header,solution,Ecommerce,https://coralogix.com/solutions/ecommerce/,industry or vertical
coralogix.com,coralogix.com,nav_header,solution,Federal,https://coralogix.com/solutions/federal/,industry or vertical
coralogix.com,coralogix.com,nav_header,solution,Finance,https://coralogix.com/solutions/fintech/,industry or vertical
coralogix.com,coralogix.com,nav_header,solution,Gaming,https://coralogix.com/solutions/gaming/,industry or vertical
coralogix.com,coralogix.com,nav_header,solution,Healthcare,https://coralogix.com/solutions/healthcare/,industry or vertical
coralogix.com,coralogix.com,nav_header,solution,Transportation,https://coralogix.com/solutions/transportation/,industry or vertical
cotelligent.com,cotelligent.com,nav_footer,nav,Leadership Team,https://www.cotelligent.com/company/leadership,"people, careers or company"
cpx.net,cpx.net,nav_footer,nav,[email protected],https://www.cpx.net/cdn-cgi/l/email-protection#afccc0c1dbceccdbdadcefccdfd781c1cadb,obfuscated email address
crossidentity.com,crossidentity.com,nav_header,nav,Leadership Team,https://www.crossidentity.com/leadership/,"people, careers or company"
crowdstrike.com,crowdstrike.com,sitemap,platform,Aws,https://www.crowdstrike.com/platform/cloud-security/aws/,third-party brand (partner or integration reference)
crowdstrike.com,crowdstrike.com,sitemap,platform,Azure,https://www.crowdstrike.com/platform/cloud-security/azure/,third-party brand (partner or integration reference)
crowdstrike.com,crowdstrike.com,sitemap,platform,Demos,https://www.crowdstrike.com/en-us/platform/demos/,"site section, not an offering"
crowdstrike.com,crowdstrike.com,sitemap,solution,Education,https://www.crowdstrike.com/en-us/solutions/public-sector/education/,industry or vertical
crowdstrike.com,crowdstrike.com,sitemap,solution,Federal Government,https://www.crowdstrike.com/en-us/solutions/federal-government/,industry or vertical
crowdstrike.com,crowdstrike.com,sitemap,solution,Financial Services,https://www.crowdstrike.com/solutions/financial-services/,industry or vertical
crowdstrike.com,crowdstrike.com,sitemap,solution,Healthcare,https://www.crowdstrike.com/solutions/healthcare/,industry or vertical
crowdstrike.com,crowdstrike.com,sitemap,solution,Manufacturing,https://www.crowdstrike.com/en-us/solutions/manufacturing/,industry or vertical
crowdstrike.com,crowdstrike.com,sitemap,solution,Public Sector,https://www.crowdstrike.com/en-us/solutions/public-sector/,industry or vertical
crowdstrike.com,crowdstrike.com,sitemap,solution,Retail,https://www.crowdstrike.com/solutions/retail/,industry or vertical
crowdstrike.com,crowdstrike.com,sitemap,solution,Small Business,https://www.crowdstrike.com/solutions/small-business/,industry or vertical
csinfocomm.com,csinfocomm.com,nav_header,nav,BFSI,https://csinfocomm.com/IndustrySolutions/BFSI,industry or vertical
csinfocomm.com,csinfocomm.com,nav_header,nav,Education,https://csinfocomm.com/IndustrySolutions/EdTech,industry or vertical
csinfocomm.com,csinfocomm.com,nav_header,nav,Health Care,https://csinfocomm.com/IndustrySolutions/HealthCare,industry or vertical
csinfocomm.com,csinfocomm.com,nav_header,nav,Leadership Team,https://csinfocomm.com/Home/LeadershipTeam,"people, careers or company"
csinfocomm.com,csinfocomm.com,nav_header,nav,Media & Entertainment,https://csinfocomm.com/IndustrySolutions/MediaEntertainment,industry or vertical
csinfocomm.com,csinfocomm.com,nav_header,nav,Real Estate,https://csinfocomm.com/IndustrySolutions/RealEstate,industry or vertical
csinfocomm.com,csinfocomm.com,nav_header,nav,Telecom,https://csinfocomm.com/IndustrySolutions/Telecom,industry or vertical
csinfocomm.com,csinfocomm.com,nav_header,nav,Travel & Hospitality,https://csinfocomm.com/IndustrySolutions/TravelAndHospitality,industry or vertical
csinfocomm.com,csinfocomm.com,nav_header,service,Professional Services,https://csinfocomm.com/Services/ProfessionalServices,industry or vertical
ctrls.com,ctrls.com,nav_footer,nav,Cookies Policy,https://www.ctrls.com/cookies-policy/,"site section, not an offering"
ctrls.com,ctrls.com,nav_footer,nav,Press Releases,https://www.ctrls.com/press-release/,"site section, not an offering"
cyberark.com,cyberark.com,nav_footer,nav,Investor Relations,https://investors.paloaltonetworks.com/,"people, careers or company"
cyberark.com,cyberark.com,nav_footer,nav,Terms of Use,https://www.cyberark.com/legal-notices/terms-of-use,"pricing, legal or admin"
cybermindr.com,cybermindr.com,nav_footer,nav,Gartner Reports,https://www.cybermindr.com/gartner-cybermindr/,"event, report or content"
cybernx.com,cybernx.com,nav_footer,industry,Banking,https://www.cybernx.com/industries/banking/,industry or vertical
cybernx.com,cybernx.com,nav_footer,industry,Financial Services,https://www.cybernx.com/industries/financial-services/,industry or vertical
cybernx.com,cybernx.com,nav_footer,industry,Insurance,https://www.cybernx.com/industries/insurance/,industry or vertical
cybernx.com,cybernx.com,nav_footer,nav,Awards & Recognition,https://www.cybernx.com/awards-recognition/,"site section, not an offering"
cybernx.com,cybernx.com,nav_footer,nav,Downloads,https://www.cybernx.com/downloads/,"site section, not an offering"
cyberproof.com,cyberproof.com,nav_header,nav,more on Gartner,https://www.gartner.com/reviews/vendor/ust-cyberproof,"event, report or content"
cyberproof.com,cyberproof.com,nav_header,solution,Automotive,https://www.cyberproof.com/solutions/automotive/,industry or vertical
cyberproof.com,cyberproof.com,nav_header,solution,BFSI,https://www.cyberproof.com/solutions/bfsi/,industry or vertical
cyberproof.com,cyberproof.com,nav_header,solution,Manufacturing,https://www.cyberproof.com/solutions/manufacturing/,industry or vertical
cyberproof.com,cyberproof.com,nav_header,solution,Retail,https://www.cyberproof.com/solutions/retail/,industry or vertical
cyberproof.com,cyberproof.com,nav_header,solution,Transportation,https://www.cyberproof.com/solutions/transportation/,industry or vertical
cygnet.one,cygnet.one,nav_header,product,Australia,https://www.cygnet.one/products/cygnet-tax/e-invoicing/australia/,place or region
cygnet.one,cygnet.one,nav_header,product,France,https://www.cygnet.one/products/cygnet-tax/e-invoicing/france/,place or region
cygnet.one,cygnet.one,sitemap,product,GST Refund,https://www.cygnet.one/products/gst-refund/,"pricing, legal or admin"
cygnet.one,cygnet.one,nav_header,product,Germany,https://www.cygnet.one/products/cygnet-tax/e-invoicing/germany/,place or region
cygnet.one,cygnet.one,nav_header,product,India,https://www.cygnet.one/products/e-invoicing/india/,place or region
cygnet.one,cygnet.one,nav_header,product,Japan,https://www.cygnet.one/products/cygnet-tax/e-invoicing/japan/,place or region
cygnet.one,cygnet.one,nav_header,product,Singapore,https://www.cygnet.one/products/cygnet-tax/e-invoicing/singapore/,place or region
cygnet.one,cygnet.one,nav_header,product,Spain,https://www.cygnet.one/products/cygnet-tax/e-invoicing/spain/,place or region
cygnet.one,cygnet.one,sitemap,service,Sap,https://www.cygnet.one/services/sap/,third-party brand (partner or integration reference)
cymmetri.com,cymmetri.com,nav_header,nav,Life at Cymmetri,https://cymmetri.com/life-at-cymmetri,"people, careers or company"
cymulate.com,cymulate.com,nav_footer,nav,Awards,https://cymulate.com/awards/,"site section, not an offering"
cymulate.com,cymulate.com,nav_footer,nav,Cymulate EULA,https://cymulate.com/end-user-license-agreement/,"pricing, legal or admin"
cymulate.com,cymulate.com,nav_header,nav,Reviews,https://cymulate.com/reviews/,"site section, not an offering"
cytrusst.com,cytrusst.com,nav_footer,nav,[email protected],https://www.cytrusst.com/cdn-cgi/l/email-protection#c487abaaaaa1a7b084a7bdb0b6b1b7b7b0eaa7aba9,obfuscated email address
databahn.ai,databahn.ai,nav_footer,nav,Databricks,https://www.databahn.ai/integrations/databricks,third-party brand (partner or integration reference)
databahn.ai,databahn.ai,nav_footer,nav,Splunk,https://www.databahn.ai/integrations/splunk,third-party brand (partner or integration reference)
databricks.com,databricks.com,sitemap,industry,Energy Utilities,https://www.databricks.com/dataaisummit/industry/energy-utilities,industry or vertical
databricks.com,databricks.com,sitemap,industry,Startups,https://www.databricks.com/dataaisummit/industry/startups,industry or vertical
databricks.com,databricks.com,sitemap,industry,Telecommunications,https://www.databricks.com/dataaisummit/industry/telecommunications,industry or vertical
databricks.com,databricks.com,nav_footer,nav,Community,https://community.databricks.com/,"site section, not an offering"
databricks.com,databricks.com,nav_footer,nav,Data + AI Summit,https://www.databricks.com/dataaisummit,"event, report or content"
databricks.com,databricks.com,nav_footer,nav,Data Brew Podcast,https://www.databricks.com/discover/data-brew,"event, report or content"
databricks.com,databricks.com,nav_footer,product,Marketplace,https://www.databricks.com/product/marketplace,"site section, not an offering"
databricks.com,databricks.com,nav_footer,product,Platform Overview,https://www.databricks.com/product/platform,"site section, not an offering"
databricks.com,databricks.com,nav_footer,solution,Financial Services,https://www.databricks.com/solutions/industries/financial-services,industry or vertical
databricks.com,databricks.com,nav_footer,solution,Manufacturing,https://www.databricks.com/solutions/industries/manufacturing-industry-solutions,industry or vertical
databricks.com,databricks.com,nav_footer,solution,Marketing,https://www.databricks.com/solutions/industries/marketing,"site section, not an offering"
databricks.com,databricks.com,nav_footer,solution,Media and Entertainment,https://www.databricks.com/solutions/industries/media-and-entertainment,industry or vertical
databricks.com,databricks.com,nav_footer,solution,Public Sector,https://www.databricks.com/solutions/industries/public-sector,industry or vertical
databricks.com,databricks.com,nav_footer,solution,Retail,https://www.databricks.com/solutions/industries/retail-industry-solutions,industry or vertical
datadoghq.com,datadoghq.com,nav_header,solution,Education,https://www.datadoghq.com/solutions/education/,industry or vertical
datadoghq.com,datadoghq.com,nav_header,solution,Financial Services,https://www.datadoghq.com/solutions/financial-services/,industry or vertical
datadoghq.com,datadoghq.com,nav_header,solution,Gaming,https://www.datadoghq.com/solutions/gaming/,industry or vertical
datadoghq.com,datadoghq.com,nav_header,solution,Government,https://www.datadoghq.com/solutions/government/,industry or vertical
datadoghq.com,datadoghq.com,nav_header,solution,Media & Entertainment,https://www.datadoghq.com/solutions/media-entertainment/,industry or vertical
deloitte.com,deloitte.com,nav_header,capability,Finance,https://www.deloitte.com/us/en/what-we-do/capabilities/finance.html?icid=top_finance,industry or vertical
deloitte.com,deloitte.com,nav_header,capability,Sustainability,https://www.deloitte.com/us/en/what-we-do/capabilities/sustainability.html?icid=top_sustainability,"site section, not an offering"
deloitte.com,deloitte.com,sitemap,service,Consulting,https://www.deloitte.com/global/en/services/consulting.html,"site section, not an offering"
deloitte.com,deloitte.com,sitemap,service,Legal,https://www.deloitte.com/global/en/services/legal.html,industry or vertical
deloitte.com,deloitte.com,nav_header,service,Strategy,https://www.deloitte.com/us/en/services/consulting/services/strategy-business-design.html?icid=top_strategy-business-design,"site section, not an offering"
deloitte.com,deloitte.com,nav_header,service,Transfer Pricing,https://www.deloitte.com/us/en/services/tax/services/transfer-pricing.html?icid=top_transfer-pricing,"pricing, legal or admin"
denodo.com,denodo.com,nav_header,nav,Awards,https://www.denodo.com/en/about-us/awards,"site section, not an offering"
denodo.com,denodo.com,nav_header,nav,By Use Case,https://www.denodo.com,"site section, not an offering"
denodo.com,denodo.com,nav_header,nav,DM Blog,https://www.datamanagementblog.com,"event, report or content"
denodo.com,denodo.com,nav_header,nav,Podcast,https://www.denodo.com/en/podcasts,"event, report or content"
denodo.com,denodo.com,nav_header,nav,Press Releases,https://www.denodo.com/en/about-us/newsroom/press-releases,"site section, not an offering"
denodo.com,denodo.com,nav_header,service,Support Services,https://www.denodo.com/en/services/support-services,"site section, not an offering"
denodo.com,denodo.com,nav_header,solution,Financial Services,https://www.denodo.com/en/solutions/by-industry/financial-services,industry or vertical
denodo.com,denodo.com,nav_header,solution,Healthcare,https://www.denodo.com/en/solutions/by-industry/healthcare,industry or vertical
denodo.com,denodo.com,sitemap,solution,High Tech,https://www.denodo.com/en/solutions/by-industry/high-tech,industry or vertical
denodo.com,denodo.com,nav_header,solution,Insurance,https://www.denodo.com/en/solutions/by-industry/insurance,industry or vertical
denodo.com,denodo.com,nav_header,solution,Manufacturing,https://www.denodo.com/en/solutions/by-industry/manufacturing,industry or vertical
denodo.com,denodo.com,nav_header,solution,Public Sector,https://www.denodo.com/en/solutions/by-industry/public-sector,industry or vertical
denodo.com,denodo.com,nav_header,solution,Retail,https://www.denodo.com/en/solutions/by-industry/retail,industry or vertical
digital.ai,digital.ai,nav_footer,nav,Customer Support,https://support.digital.ai/hc/en-us,"site section, not an offering"
digital.ai,digital.ai,nav_footer,nav,Events & Webinars,https://digital.ai/learn/events-webinars/,"site section, not an offering"
digital.ai,digital.ai,nav_footer,nav,Privacy Statement,https://digital.ai/privacy-policy/,"site section, not an offering"
digital.ai,digital.ai,nav_footer,nav,Product Documentation,https://docs.digital.ai/?_ga=2.52426913.987432626.1736785741-1705972691.1735764233,"site section, not an offering"
digital.ai,digital.ai,sitemap,product,Financial Services,https://digital.ai/products/teamforge/financial-services/,industry or vertical
digital.ai,digital.ai,sitemap,product,Healthcare,https://digital.ai/products/teamforge/healthcare/,industry or vertical
digital.ai,digital.ai,sitemap,solution,Government,https://digital.ai/solutions/government/,industry or vertical
domo.com,domo.com,sitemap,product,App Studio Enhancements Sept 2025,https://www.domo.com/product/new-features/app-studio-enhancements-sept-2025,date or release cycle
domo.com,domo.com,sitemap,product,Domopalooza 2024 App Studio,https://www.domo.com/product/new-features/domopalooza-2024-app-studio,date or release cycle
domo.com,domo.com,sitemap,product,Domopalooza 2024 Domo Cloud Amplifier,https://www.domo.com/product/new-features/domopalooza-2024-domo-cloud-amplifier,date or release cycle
domo.com,domo.com,sitemap,product,Domopalooza 2024 Domo Workflows,https://www.domo.com/product/new-features/domopalooza-2024-domo-workflows,date or release cycle
domo.com,domo.com,sitemap,product,Domopalooza 2024 Domoai Chat,https://www.domo.com/product/new-features/domopalooza-2024-domoai-chat,date or release cycle
domo.com,domo.com,sitemap,product,Domopalooza 2024 Domoai Model Management,https://www.domo.com/product/new-features/domopalooza-2024-domoai-model-management,date or release cycle
domo.com,domo.com,sitemap,product,Domopalooza 2024 Magic ETL,https://www.domo.com/product/new-features/domopalooza-2024-magic-etl,date or release cycle
domo.com,domo.com,sitemap,product,Domopalooza 2024 Magic ETL Beta Enhancements,https://www.domo.com/product/new-features/domopalooza-2024-magic-etl-beta-enhancements,date or release cycle
dynatrace.com,dynatrace.com,sitemap,solution,Aws,https://www.dynatrace.com/solutions/government/us-government/aws/,third-party brand (partner or integration reference)
dynatrace.com,dynatrace.com,sitemap,solution,Education,https://www.dynatrace.com/solutions/industry/education/,industry or vertical
dynatrace.com,dynatrace.com,sitemap,solution,Emea,https://www.dynatrace.com/solutions/industry/public-sector/emea/,place or region
dynatrace.com,dynatrace.com,sitemap,solution,Financial Services,https://www.dynatrace.com/solutions/industry/financial-services/,industry or vertical
dynatrace.com,dynatrace.com,sitemap,solution,Public Sector,https://www.dynatrace.com/solutions/industry/public-sector/,industry or vertical
dynatrace.com,dynatrace.com,sitemap,technology,Servicenow,https://www.dynatrace.com/technologies/servicenow/,third-party brand (partner or integration reference)
enreap.com,enreap.com,sitemap,industry,Banking and Financial Services,https://enreap.com/industries/banking-and-financial-services/,industry or vertical
enreap.com,enreap.com,nav_header,nav,Consulting,https://enreap.com/atlassian-consulting-services/,"site section, not an offering"
enreap.com,enreap.com,nav_footer,nav,GitLab,https://enreap.com/gitlab-partner-services/,third-party brand (partner or integration reference)
enreap.com,enreap.com,nav_footer,nav,India,https://enreap.com/,place or region
enreap.com,enreap.com,nav_header,nav,Professional Services,https://enreap.com/monday-com-professional-services/,industry or vertical
enreap.com,enreap.com,nav_footer,nav,Singapore,https://enreap.com.sg,place or region
enreap.com,enreap.com,nav_footer,nav,USA,https://enreap.com/atlassian-solution-partner-usa/,place or region
exabeam.com,exabeam.com,nav_header,industry,Financial Services,https://www.exabeam.com/industries/financial-services/,industry or vertical
exabeam.com,exabeam.com,nav_header,industry,Government,https://www.exabeam.com/industries/government/,industry or vertical
exabeam.com,exabeam.com,nav_header,industry,Healthcare,https://www.exabeam.com/industries/healthcare/,industry or vertical
exabeam.com,exabeam.com,nav_header,industry,Higher Education,https://www.exabeam.com/industries/higher-education/,industry or vertical
exabeam.com,exabeam.com,nav_header,industry,Manufacturing,https://www.exabeam.com/industries/manufacturing/,industry or vertical
exabeam.com,exabeam.com,nav_header,nav,All,https://www.exabeam.com/explainers/,"site section, not an offering"
exabeam.com,exabeam.com,nav_footer,nav,Community,https://mycommunity.exabeam.com/,"site section, not an offering"
exabeam.com,exabeam.com,nav_header,nav,"Diversity, Inclusion & Culture",https://www.exabeam.com/company/diversity/,"people, careers or company"
exabeam.com,exabeam.com,nav_footer,nav,Find a Partner,https://www.exabeam.com/find-a-partner/,"site section, not an offering"
exabeam.com,exabeam.com,nav_footer,nav,Media Kit,https://www.exabeam.com/newsroom/media-kit/,"site section, not an offering"
exabeam.com,exabeam.com,nav_footer,nav,New CISO Podcast,https://www.exabeam.com/the-new-ciso-podcast/,"event, report or content"
exabeam.com,exabeam.com,nav_footer,nav,Professional Services,https://www.exabeam.com/support-and-services/professional-services/,industry or vertical
exabeam.com,exabeam.com,nav_footer,nav,[email protected],https://www.exabeam.com/cdn-cgi/l/email-protection#264f48404966435e474443474b0845494b,obfuscated email address
exclusive-networks.com,exclusive-networks.com,nav_footer,nav,CrowdStrike,https://www.exclusive-networks.com/ecosystem/vendors/crowdstrike,third-party brand (partner or integration reference)
exclusive-networks.com,exclusive-networks.com,nav_footer,nav,Fortinet,https://www.exclusive-networks.com/ecosystem/vendors/fortinet,third-party brand (partner or integration reference)
exclusive-networks.com,exclusive-networks.com,nav_footer,nav,Investor Relations,https://ir.exclusive-networks.com/,"people, careers or company"
exclusive-networks.com,exclusive-networks.com,nav_footer,nav,Locations,https://www.exclusive-networks.com/company/locations,"site section, not an offering"
exclusive-networks.com,exclusive-networks.com,nav_footer,nav,Netskope,https://www.exclusive-networks.com/ecosystem/vendors/netskope,third-party brand (partner or integration reference)
exclusive-networks.com,exclusive-networks.com,nav_footer,nav,Newsletter Signup,https://www.exclusive-networks.com/newsletter,"event, report or content"
exclusive-networks.com,exclusive-networks.com,nav_footer,nav,Okta,https://www.exclusive-networks.com/ecosystem/vendors/okta,third-party brand (partner or integration reference)
exclusive-networks.com,exclusive-networks.com,nav_footer,nav,Palo Alto Networks,https://www.exclusive-networks.com/ecosystem/vendors/palo-alto-networks,third-party brand (partner or integration reference)
exclusive-networks.com,exclusive-networks.com,nav_footer,nav,SentinelOne,https://www.exclusive-networks.com/ecosystem/vendors/sentinelone,third-party brand (partner or integration reference)
exclusive-networks.com,exclusive-networks.com,nav_footer,nav,ServiceNow,https://www.exclusive-networks.com/ecosystem/vendors/servicenow,third-party brand (partner or integration reference)
exclusive-networks.com,exclusive-networks.com,nav_footer,nav,Sustainability,https://ir.exclusive-networks.com/sustainability/,"site section, not an offering"
exotel.com,exotel.com,nav_header,industry,BFSI,https://exotel.com/industry/bfsi/,industry or vertical
exotel.com,exotel.com,sitemap,industry,Ecommerce,https://exotel.com/uae/industry/ecommerce/,industry or vertical
exotel.com,exotel.com,nav_header,industry,Education,https://exotel.com/industry/education/,industry or vertical
exotel.com,exotel.com,nav_header,industry,Logistics,https://exotel.com/industry/logistics/,industry or vertical
exotel.com,exotel.com,nav_header,nav,Product Documentation,https://docs.exotel.com,"site section, not an offering"
exotel.com,exotel.com,sitemap,use_case,Customer Service,https://exotel.com/uae/use-cases/customer-service/,"site section, not an offering"
exponentia.ai,exponentia.ai,nav_footer,industry,Insurance,https://www.exponentia.ai/industries/exponentia-for-insurance-sector,industry or vertical
exponentia.ai,exponentia.ai,nav_footer,nav,Careers at Exponentia,https://careers.exponentia.ai/exponentia/,"people, careers or company"
exponentia.ai,exponentia.ai,nav_header,nav,Databricks,https://www.exponentia.ai/partners-databricks,third-party brand (partner or integration reference)
exponentia.ai,exponentia.ai,nav_footer,nav,Leadership Team,https://www.exponentia.ai/new-about-us#our-journey,"people, careers or company"
exponentia.ai,exponentia.ai,nav_header,nav,Microsoft,https://www.exponentia.ai/partners-microsoft,third-party brand (partner or integration reference)
exterro.com,exterro.com,nav_footer,industry,Energy & Utilities,https://www.exterro.com/industries/energy-and-utilities,industry or vertical
exterro.com,exterro.com,nav_header,nav,Partner Newsletter,https://www.exterro.com/partner-network/partner-newsetter,"event, report or content"
exterro.com,exterro.com,nav_footer,nav,Website Terms of Use,https://www.exterro.com/website-terms-of-use,"pricing, legal or admin"
ey.com,ey.com,sitemap,service,Consulting,https://www.ey.com/en_gl/services/consulting,"site section, not an offering"
ey.com,ey.com,sitemap,service,Corporate Culture,https://www.ey.com/en_gl/services/corporate-culture,"people, careers or company"
ey.com,ey.com,sitemap,service,Education,https://www.ey.com/en_gl/services/education,industry or vertical
ey.com,ey.com,sitemap,service,Finance,https://www.ey.com/en_gl/services/finance,industry or vertical
ey.com,ey.com,sitemap,service,Strategy,https://www.ey.com/en_gl/services/strategy,"site section, not an offering"
ey.com,ey.com,sitemap,service,Sustainability,https://www.ey.com/en_gl/services/sustainability,"site section, not an offering"
f5.com,f5.com,sitemap,product,Cookie Flag,https://www.f5.com/go/product/cookie-flag,"pricing, legal or admin"
f5.com,f5.com,sitemap,product,Palo Alto Networks,https://www.f5.com/products/compare/palo-alto-networks,third-party brand (partner or integration reference)
f5.com,f5.com,sitemap,product,Platform Overview,https://www.f5.com/products/distributed-cloud-services/platform-overview,"site section, not an offering"
firemon.com,firemon.com,nav_footer,product,Insights,https://www.firemon.com/products/insights,"site section, not an offering"
flentas.com,flentas.com,nav_footer,nav,Refund Policy,https://www.flentas.com/refund-policy,"pricing, legal or admin"
flentas.com,flentas.com,nav_footer,nav,Success Stories,https://www.flentas.com/success-stories,"site section, not an offering"
forcepoint.com,forcepoint.com,nav_header,industry,Public Sector,https://www.forcepoint.com/industry/public-sector,industry or vertical
forcepoint.com,forcepoint.com,nav_footer,nav,Deutsch,https://www.forcepoint.com/de,language switcher
forcepoint.com,forcepoint.com,nav_footer,nav,Français,https://www.forcepoint.com/fr,language switcher
forcepoint.com,forcepoint.com,nav_footer,nav,Italiano,https://www.forcepoint.com/it,language switcher
forcepoint.com,forcepoint.com,nav_footer,nav,Português,https://www.forcepoint.com/pt-br,language switcher
forcepoint.com,forcepoint.com,nav_footer,nav,Türkçe,https://www.forcepoint.com/tr,language switcher
forcepoint.com,forcepoint.com,nav_header,solution,Financial Services,https://www.forcepoint.com/solutions/industry/financial-services,industry or vertical
forcepoint.com,forcepoint.com,nav_header,solution,Manufacturing,https://www.forcepoint.com/solutions/industry/manufacturing,industry or vertical
forcepoint.com,forcepoint.com,nav_header,solution,Retail,https://www.forcepoint.com/solutions/industry/retail,industry or vertical
fortytwolabs.com,fortytwolabs.com,nav_header,nav,Life at FT42,https://www.fortytwolabs.com/life-at-ft42,"people, careers or company"
freshworks.com,freshworks.com,sitemap,industry,Finance,https://www.freshworks.com/crm/industries/finance/,industry or vertical
freshworks.com,freshworks.com,sitemap,industry,Financial Services,https://www.freshworks.com/freshservice/industries/financial-services/,industry or vertical
freshworks.com,freshworks.com,sitemap,industry,Gaming,https://www.freshworks.com/freshdesk/industries/gaming/,industry or vertical
freshworks.com,freshworks.com,sitemap,industry,Government,https://www.freshworks.com/freshservice/industries/government/,industry or vertical
freshworks.com,freshworks.com,sitemap,industry,Healthcare,https://www.freshworks.com/freshservice/industries/healthcare/,industry or vertical
freshworks.com,freshworks.com,sitemap,industry,Higher Education,https://www.freshworks.com/freshservice/industries/higher-education/,industry or vertical
freshworks.com,freshworks.com,sitemap,industry,Hospitality,https://www.freshworks.com/crm/industries/hospitality/,industry or vertical
freshworks.com,freshworks.com,sitemap,industry,Insurance,https://www.freshworks.com/freshdesk/industries/insurance/,industry or vertical
freshworks.com,freshworks.com,sitemap,industry,Logistics,https://www.freshworks.com/crm/industries/logistics/,industry or vertical
freshworks.com,freshworks.com,sitemap,industry,Manufacturing,https://www.freshworks.com/freshservice/industries/manufacturing/,industry or vertical
freshworks.com,freshworks.com,sitemap,industry,Real Estate,https://www.freshworks.com/crm/industries/real-estate/,industry or vertical
freshworks.com,freshworks.com,sitemap,industry,Travel,https://www.freshworks.com/crm/industries/travel/,industry or vertical
freshworks.com,freshworks.com,sitemap,offering,Ecommerce,https://www.freshworks.com/helpdesk/software/ecommerce/,industry or vertical
freshworks.com,freshworks.com,sitemap,offering,Enterprise,https://www.freshworks.com/live-chat/software/enterprise/,industry or vertical
freshworks.com,freshworks.com,sitemap,offering,Responsible Disclosure,https://www.freshworks.com/security/responsible-disclosure/,"site section, not an offering"
freshworks.com,freshworks.com,sitemap,offering,Retail,https://www.freshworks.com/crm/software/retail/,industry or vertical
freshworks.com,freshworks.com,sitemap,offering,Small Business,https://www.freshworks.com/it-asset-management/software/small-business/,industry or vertical
freshworks.com,freshworks.com,sitemap,offering,Trust,https://www.freshworks.com/security/trust/,"site section, not an offering"
freshworks.com,freshworks.com,sitemap,platform,Google,https://www.freshworks.com/platform/technology-alliances/google/,third-party brand (partner or integration reference)
freshworks.com,freshworks.com,sitemap,solution,Education,https://www.freshworks.com/freshservice/solutions/education/,industry or vertical
freshworks.com,freshworks.com,sitemap,solution,Marketing,https://www.freshworks.com/freshservice/solutions/enterprise-service-management/marketing/,"site section, not an offering"
genesys.com,genesys.com,nav_footer,nav,Sustainability 2026,https://www.genesys.com/company/sustainability,date or release cycle
genesys.com,genesys.com,nav_footer,nav,Xperience Podcast,https://www.genesys.com/xperience/podcast,"event, report or content"
genesys.com,genesys.com,sitemap,solution,Customer Service,https://www.genesys.com/solutions/customer-service,"site section, not an offering"
genesys.com,genesys.com,sitemap,solution,Financial Services,https://www.genesys.com/solutions/financial-services,industry or vertical
genesys.com,genesys.com,nav_header,solution,Government,https://www.genesys.com/solutions/government,industry or vertical
genesys.com,genesys.com,nav_header,solution,Healthcare,https://www.genesys.com/solutions/healthcare,industry or vertical
genesys.com,genesys.com,nav_header,solution,Insurance,https://www.genesys.com/solutions/insurance,industry or vertical
genesys.com,genesys.com,nav_header,solution,Retail,https://www.genesys.com/solutions/retail,industry or vertical
glean.com,glean.com,nav_footer,nav,Help Center,https://help.glean.com/en/,"site section, not an offering"
glean.com,glean.com,nav_header,solution,Banking,https://www.glean.com/solutions/industries/financial-services/banking,industry or vertical
glean.com,glean.com,nav_header,solution,Construction,https://www.glean.com/solutions/industries/professional-services/construction,industry or vertical
glean.com,glean.com,nav_header,solution,Consulting,https://www.glean.com/solutions/industries/professional-services/consulting,"site section, not an offering"
glean.com,glean.com,nav_header,solution,Consumer Goods,https://www.glean.com/solutions/industries/industrials/consumer-goods,industry or vertical
glean.com,glean.com,nav_header,solution,Customer Service,https://www.glean.com/solutions/departments/customer-service,"site section, not an offering"
glean.com,glean.com,nav_header,solution,Energy & Utilities,https://www.glean.com/solutions/industries/industrials/energy-utilities,industry or vertical
glean.com,glean.com,nav_header,solution,Finance,https://www.glean.com/solutions/departments/finance,industry or vertical
glean.com,glean.com,nav_footer,solution,Financial Services,https://www.glean.com/solutions/industries/financial-services,industry or vertical
glean.com,glean.com,nav_header,solution,Government,https://www.glean.com/solutions/industries/government,industry or vertical
glean.com,glean.com,nav_header,solution,Healthcare,https://www.glean.com/solutions/industries/healthcare,industry or vertical
glean.com,glean.com,nav_header,solution,Higher Education,https://www.glean.com/solutions/industries/higher-education,industry or vertical
glean.com,glean.com,nav_header,solution,Industrials,https://www.glean.com/solutions/industries/industrials,industry or vertical
glean.com,glean.com,nav_header,solution,Insurance,https://www.glean.com/solutions/industries/financial-services/insurance,industry or vertical
glean.com,glean.com,nav_header,solution,Life Sciences,https://www.glean.com/solutions/industries/life-sciences,industry or vertical
glean.com,glean.com,nav_header,solution,Manufacturing,https://www.glean.com/solutions/industries/industrials/manufacturing,industry or vertical
glean.com,glean.com,nav_footer,solution,Marketing,https://www.glean.com/solutions/departments/marketing,"site section, not an offering"
glean.com,glean.com,nav_header,solution,Professional Services,https://www.glean.com/solutions/industries/professional-services,industry or vertical
glean.com,glean.com,nav_footer,solution,Retail,https://www.glean.com/solutions/industries/retail,industry or vertical
grc3.io,grc3.io,sitemap,solution,Financial Services,https://grc3.io/solutions/financial-services,industry or vertical
grcxperts.com,grcxperts.com,nav_header,nav,Ecosystem,https://grcxperts.com/ecosystem/,"site section, not an offering"
grcxperts.com,grcxperts.com,nav_header,nav,Press Release,https://grcxperts.com/press-release/,"event, report or content"
gruve.ai,gruve.ai,nav_header,nav,India,https://gruve.ai/in/,place or region
gruve.ai,gruve.ai,nav_header,nav,Singapore,https://gruve.ai/sg/,place or region
gruve.ai,gruve.ai,nav_header,nav,Success Stories,https://gruve.ai/success-stories/,"site section, not an offering"
gruve.ai,gruve.ai,sitemap,service,Customer First Culture,https://gruve.ai/services/customer-experience/customer-first-culture/,"people, careers or company"
haptik.ai,haptik.ai,nav_footer,industry,Fintech,https://www.haptik.ai/industry/fintech,industry or vertical
haptik.ai,haptik.ai,nav_footer,industry,Healthcare,https://www.haptik.ai/industry/healthcare,industry or vertical
haptik.ai,haptik.ai,nav_footer,industry,Insurance,https://www.haptik.ai/industry/insurance,industry or vertical
haptik.ai,haptik.ai,nav_footer,industry,Media & Entertainment,https://www.haptik.ai/industry/media-entertainment,industry or vertical
haptik.ai,haptik.ai,nav_footer,industry,Retail,https://www.haptik.ai/industry/retail,industry or vertical
haptik.ai,haptik.ai,nav_footer,industry,Telecom,https://www.haptik.ai/industry/telecom,industry or vertical
haptik.ai,haptik.ai,nav_footer,industry,Travel & Hospitality,https://www.haptik.ai/industry/travel-and-hospitality,industry or vertical
haptik.ai,haptik.ai,nav_footer,nav,Awards & Recognition,https://www.haptik.ai/company/awards,"site section, not an offering"
haptik.ai,haptik.ai,nav_header,nav,By Use Case,https://www.haptik.ai,"site section, not an offering"
haptik.ai,haptik.ai,nav_footer,nav,Data Security & Privacy Policy,https://www.haptik.ai/privacy-policy,"pricing, legal or admin"
haptik.ai,haptik.ai,nav_footer,nav,Investor Relations,https://www.haptik.ai/jio-haptik-investor-relations,"people, careers or company"
haptik.ai,haptik.ai,nav_footer,nav,Tech Blog,https://www.haptik.ai/tech,"event, report or content"
haptik.ai,haptik.ai,sitemap,platform,Shopify,https://www.haptik.ai/platform/integrations/shopify,third-party brand (partner or integration reference)
haptik.ai,haptik.ai,sitemap,solution,Customer Care,https://www.haptik.ai/solutions/customer-care,"site section, not an offering"
hazelcast.com,hazelcast.com,nav_header,nav,All Resources,https://hazelcast.com/resource-center/,"site section, not an offering"
hazelcast.com,hazelcast.com,nav_footer,nav,Community,https://hazelcast.com/developers/,"site section, not an offering"
hazelcast.com,hazelcast.com,nav_footer,nav,Technical Blog,https://hazelcast.com/developers/dev-blog,"event, report or content"
hazelcast.com,hazelcast.com,nav_footer,product,Platform Overview,https://hazelcast.com/products/hazelcast-platform/,"site section, not an offering"
hazelcast.com,hazelcast.com,nav_header,use_case,Financial Services,https://hazelcast.com/use-cases/financial-services/,industry or vertical
hazelcast.com,hazelcast.com,nav_footer,use_case,Healthcare,https://hazelcast.com/use-cases/healthcare/,industry or vertical
hcl-software.com,hcl-software.com,sitemap,offering,Gartner Magic Quadrant,https://www.hcl-software.com/bigfix/offerings/workspace-management/gartner-magic-quadrant,"event, report or content"
hcl-software.com,hcl-software.com,sitemap,product,AI Powered Sits Expo 2026,https://www.hcl-software.com/bigfix/products/service-management/ai-powered-sits-expo-2026,date or release cycle
hcl-software.com,hcl-software.com,sitemap,product,Forrester Wave ESM 2025,https://www.hcl-software.com/bigfix/products/service-management/forrester-wave-esm-2025,date or release cycle
hcl-software.com,hcl-software.com,sitemap,product,Hclsoftware Idc Marketscape 2025 Conversational AI,https://www.hcl-software.com/bigfix/products/aex/hclsoftware-idc-marketscape-2025-conversational-ai,date or release cycle
hcl-software.com,hcl-software.com,sitemap,product,Insurance Whitepaper,https://www.hcl-software.com/appscan/products/api-security/insurance-whitepaper,"event, report or content"
hcl-software.com,hcl-software.com,sitemap,product,Spark Matrix Iva Leader Q4 2025,https://www.hcl-software.com/bigfix/products/aex/spark-matrix-iva-leader-q4-2025,date or release cycle
hcl-software.com,hcl-software.com,sitemap,product,State of AI in ITSM 2025 Report,https://www.hcl-software.com/bigfix/products/service-management/state-of-ai-in-itsm-2025-report,date or release cycle
hcl-software.com,hcl-software.com,sitemap,product,State of AI in ITSM 2026 Report,https://www.hcl-software.com/bigfix/products/service-management/state-of-ai-in-itsm-2026-report,date or release cycle
hcltech.com,hcltech.com,nav_footer,nav,Aerospace and Defense,https://www.hcltech.com/aerospace-and-defense-services,industry or vertical
hcltech.com,hcltech.com,nav_footer,nav,Annual Report 2026,https://www.hcltech.com/hcl-annual-report-2026,date or release cycle
hcltech.com,hcltech.com,nav_footer,nav,Automotive,https://www.hcltech.com/automotive-services,industry or vertical
hcltech.com,hcltech.com,nav_footer,nav,Banking,https://www.hcltech.com/financial-services/banking,industry or vertical
hcltech.com,hcltech.com,nav_footer,nav,Brazil,https://www.hcltech.com/geo-presence/brazil,place or region
hcltech.com,hcltech.com,nav_footer,nav,Canada,https://www.hcltech.com/geo-presence/canada,place or region
hcltech.com,hcltech.com,nav_footer,nav,Capital Markets,https://www.hcltech.com/financial-services/capital-market,industry or vertical
hcltech.com,hcltech.com,nav_footer,nav,Careers Overview,https://careers.hcltech.com/,"people, careers or company"
hcltech.com,hcltech.com,nav_footer,nav,Consumer Goods,https://www.hcltech.com/consumer-goods-services,industry or vertical
hcltech.com,hcltech.com,nav_footer,nav,Corporate Social Responsibility,https://www.hcltech.com/corporate-social-responsibility,"people, careers or company"
hcltech.com,hcltech.com,nav_footer,nav,"Diversity, Equity and Inclusion",https://www.hcltech.com/diversity-inclusion,"people, careers or company"
hcltech.com,hcltech.com,nav_footer,nav,EMEA,https://www.hcltech.com/geo-presence/emea,place or region
hcltech.com,hcltech.com,nav_footer,nav,Ecosystem,https://www.hcltech.com/ecosystem,"site section, not an offering"
hcltech.com,hcltech.com,nav_footer,nav,EdTech,https://www.hcltech.com/career-shaper,industry or vertical
hcltech.com,hcltech.com,nav_footer,nav,Energy and Utilities,https://www.hcltech.com/energy-and-utilities-services,industry or vertical
hcltech.com,hcltech.com,nav_footer,nav,Financial Services,https://www.hcltech.com/financial-services,industry or vertical
hcltech.com,hcltech.com,nav_footer,nav,Fintech,https://www.hcltech.com/financial-services/fintech-solutions,industry or vertical
hcltech.com,hcltech.com,nav_footer,nav,High Tech,https://www.hcltech.com/technology-services,industry or vertical
hcltech.com,hcltech.com,nav_footer,nav,Insurance,https://www.hcltech.com/financial-services/insurance,industry or vertical
hcltech.com,hcltech.com,nav_footer,nav,Investor Relations,https://www.hcltech.com/investor-relations,"people, careers or company"
hcltech.com,hcltech.com,nav_footer,nav,Manufacturing,https://www.hcltech.com/manufacturing-services,industry or vertical
hcltech.com,hcltech.com,nav_footer,nav,Media and Entertainment,https://www.hcltech.com/telecom-media/media-entertainment-services,industry or vertical
hcltech.com,hcltech.com,nav_footer,nav,Mexico,https://www.hcltech.com/geo-presence/mexico,place or region
hcltech.com,hcltech.com,nav_footer,nav,Netherlands,https://www.hcltech.com/geo-presence/benelux,place or region
hcltech.com,hcltech.com,nav_footer,nav,Privacy Statement,https://www.hcltech.com/privacy-statement,"site section, not an offering"
hcltech.com,hcltech.com,nav_footer,nav,Private Equity,https://www.hcltech.com/private-equity-services,industry or vertical
hcltech.com,hcltech.com,nav_footer,nav,Public Sector,https://www.hcltech.com/public-sector-solutions,industry or vertical
hcltech.com,hcltech.com,nav_footer,nav,Retail,https://www.hcltech.com/retail-services,industry or vertical
hcltech.com,hcltech.com,nav_footer,nav,Sustainability,https://www.hcltech.com/sustainability,"site section, not an offering"
hcltech.com,hcltech.com,nav_footer,nav,Telecom,https://www.hcltech.com/telecom,industry or vertical
hcltech.com,hcltech.com,nav_footer,nav,United States,https://www.hcltech.com/geo-presence/united-states,place or region
hcltech.com,hcltech.com,nav_footer,nav,cookies policy,https://www.hcltech.com/cookies-policy,"site section, not an offering"
hitachi.com,hitachi.com,nav_header,nav,Insights,https://www.hitachi.com/en/insights/,"site section, not an offering"
hitachi.com,hitachi.com,nav_footer,nav,Investor Relations,https://www.hitachi.com/en/ir/,"people, careers or company"
hitachi.com,hitachi.com,nav_header,nav,Investor Relations News,https://www.hitachi.com/en/ir/topics/,"people, careers or company"
hitachi.com,hitachi.com,nav_footer,nav,Sustainability,https://www.hitachi.com/en/sustainability/,"site section, not an offering"
hitachi.com,hitachi.com,nav_header,nav,Sustainability Report,https://www.hitachi.com/en/sustainability/download/,"people, careers or company"
hitachi.com,hitachi.com,sitemap,offering,Hitachi Sec 2018 501,https://www.hitachi.com/en/hirt/security/hitachi-sec-2018-501/,date or release cycle
hitachi.com,hitachi.com,sitemap,offering,Hitachi Sec 2020 601,https://www.hitachi.com/en/hirt/security/hitachi-sec-2020-601/,date or release cycle
hitachi.com,hitachi.com,sitemap,offering,Hitachi Sec 2021 601,https://www.hitachi.com/en/hirt/security/hitachi-sec-2021-601/,date or release cycle
hitachi.com,hitachi.com,sitemap,offering,Hitachi Sec 2021 602,https://www.hitachi.com/en/hirt/security/hitachi-sec-2021-602/,date or release cycle
hitachi.com,hitachi.com,sitemap,offering,Hitachi Sec 2021 603,https://www.hitachi.com/en/hirt/security/hitachi-sec-2021-603/,date or release cycle
hitachi.com,hitachi.com,sitemap,offering,Hitachi Sec 2021 604,https://www.hitachi.com/en/hirt/security/hitachi-sec-2021-604/,date or release cycle
hitachi.com,hitachi.com,sitemap,offering,Hitachi Sec 2023 002,https://www.hitachi.com/en/hirt/security/hitachi-sec-2023-002/,date or release cycle
hitachi.com,hitachi.com,sitemap,offering,Hitachi Sec 2025 001,https://www.hitachi.com/en/hirt/security/hitachi-sec-2025-001/,date or release cycle
hp.com,hp.com,sitemap,offering,Insights,https://www.hp.com/at-de/security/insights.html,"site section, not an offering"
hp.com,hp.com,sitemap,service,Professional Services,https://www.hp.com/at-de/services/professional-services.html,industry or vertical
hp.com,hp.com,sitemap,solution,Industry,https://www.hp.com/at-de/poly/solutions/industry.html,"site section, not an offering"
ibm.com,ibm.com,sitemap,product,Cloud Bandwidth Pricing,https://www.ibm.com/products/cloud-bandwidth-pricing,"pricing, legal or admin"
ibm.com,ibm.com,sitemap,product,Confluent,https://www.ibm.com/products/confluent,third-party brand (partner or integration reference)
idfy.com,idfy.com,nav_footer,industry,Consumer Goods,https://www.idfy.com/industries/consumer-commerce/consumer-goods/,industry or vertical
idfy.com,idfy.com,nav_footer,industry,Logistics,https://www.idfy.com/industries/consumer-commerce/logistics/,industry or vertical
idfy.com,idfy.com,nav_footer,industry,Retail,https://www.idfy.com/industries/consumer-commerce/retail/,industry or vertical
idfy.com,idfy.com,nav_footer,industry,eCommerce,https://www.idfy.com/industries/consumer-commerce/ecommerce/,industry or vertical
info.techdata.com,info.techdata.com,nav_header,nav,AWS,https://www.tdsynnex.com/na/us/aws/,third-party brand (partner or integration reference)
info.techdata.com,info.techdata.com,nav_header,nav,Cisco,https://www.tdsynnex.com/na/us/cisco,third-party brand (partner or integration reference)
info.techdata.com,info.techdata.com,nav_header,nav,Customer Care,https://www.tdsynnex.com/na/us/td-synnex-customer-care/,"site section, not an offering"
info.techdata.com,info.techdata.com,nav_header,nav,Fortinet,https://www.tdsynnex.com/na/us/fortinet/,third-party brand (partner or integration reference)
info.techdata.com,info.techdata.com,nav_header,nav,Google,https://www.tdsynnex.com/na/us/google/,third-party brand (partner or integration reference)
info.techdata.com,info.techdata.com,nav_header,nav,IBM,https://www.tdsynnex.com/na/us/ibm/,third-party brand (partner or integration reference)
info.techdata.com,info.techdata.com,nav_header,nav,Investor Relations,https://ir.tdsynnex.com/ir-home/default.aspx,"people, careers or company"
info.techdata.com,info.techdata.com,nav_header,nav,Microsoft,https://www.tdsynnex.com/na/us/Microsoft/,third-party brand (partner or integration reference)
info.techdata.com,info.techdata.com,nav_header,nav,Palo Alto Networks,https://www.tdsynnex.com/na/us/palo-alto-networks/,third-party brand (partner or integration reference)
info.techdata.com,info.techdata.com,nav_header,nav,VMware,https://www.tdsynnex.com/na/us/vmware/,third-party brand (partner or integration reference)
infoblox.com,infoblox.com,nav_header,nav,Deutsch,https://www.infoblox.com/de/,language switcher
infoblox.com,infoblox.com,nav_header,nav,Español,https://www.infoblox.com/es/,language switcher
infoblox.com,infoblox.com,nav_header,nav,Français,https://www.infoblox.com/fr/,language switcher
infoblox.com,infoblox.com,nav_footer,nav,Resource Center,https://insights.infoblox.com/de-resources/,"site section, not an offering"
infoblox.com,infoblox.com,sitemap,solution,Defense,https://www.infoblox.com/solutions/government/defense/,industry or vertical
infoblox.com,infoblox.com,nav_header,solution,Federal,https://www.infoblox.com/solutions/government/federal/,industry or vertical
infoblox.com,infoblox.com,sitemap,solution,Government,https://www.infoblox.com/solutions/government/,industry or vertical
infoblox.com,infoblox.com,nav_footer,solution,Higher Education,https://www.infoblox.com/solutions/higher-education/,industry or vertical
infoblox.com,infoblox.com,nav_footer,solution,Public Sector,https://www.infoblox.com/solutions/public-sector/,industry or vertical
infoblox.com,infoblox.com,nav_header,solution,State & Local,https://www.infoblox.com/solutions/government/state-and-local/,industry or vertical
itrsgroup.com,itrsgroup.com,sitemap,industry,Financial Services,https://www.itrsgroup.com/industries/financial-services,industry or vertical
itrsgroup.com,itrsgroup.com,sitemap,industry,Gaming,https://www.itrsgroup.com/industries/gaming,industry or vertical
itrsgroup.com,itrsgroup.com,sitemap,industry,Telecommunications,https://www.itrsgroup.com/industries/telecommunications,industry or vertical
itrsgroup.com,itrsgroup.com,sitemap,service,Professional Services,https://www.itrsgroup.com/services/professional-services,industry or vertical
itrsgroup.com,itrsgroup.com,sitemap,solution,Government,https://www.itrsgroup.com/solutions/government,industry or vertical
itrsgroup.com,itrsgroup.com,sitemap,solution,Industrial,https://www.itrsgroup.com/solutions/industrial,industry or vertical
itrsgroup.com,itrsgroup.com,sitemap,solution,Retail,https://www.itrsgroup.com/solutions/retail,industry or vertical
ivanti.com,ivanti.com,nav_header,nav,Deutsch,https://www.ivanti.com/de/,language switcher
ivanti.com,ivanti.com,nav_header,nav,Español,https://www.ivanti.com/es/,language switcher
ivanti.com,ivanti.com,nav_header,nav,Français,https://www.ivanti.com/fr/,language switcher
ivanti.com,ivanti.com,nav_header,nav,Italiano,https://www.ivanti.com/it/,language switcher
ivanti.com,ivanti.com,sitemap,service,Learning,https://www.ivanti.com/services/learning,"site section, not an offering"
ivanti.com,ivanti.com,sitemap,service,Professional Services,https://www.ivanti.com/services/professional-services,industry or vertical
jamf.com,jamf.com,nav_footer,nav,AWS,https://www.jamf.com/integrations/aws/,third-party brand (partner or integration reference)
jamf.com,jamf.com,nav_footer,nav,Education,https://www.jamf.com/education/,industry or vertical
jamf.com,jamf.com,nav_header,nav,Enterprise,https://www.jamf.com/enterprise/,industry or vertical
jamf.com,jamf.com,nav_footer,nav,Google,https://www.jamf.com/integrations/google/,third-party brand (partner or integration reference)
jamf.com,jamf.com,nav_footer,nav,Healthcare,https://www.jamf.com/healthcare/,industry or vertical
jamf.com,jamf.com,nav_header,nav,Higher Education,https://www.jamf.com/education/higher-ed/,industry or vertical
jamf.com,jamf.com,nav_header,nav,K-12,https://www.jamf.com/education/k-12/,industry or vertical
jamf.com,jamf.com,nav_footer,nav,Marketplace,https://marketplace.jamf.com/,"site section, not an offering"
jamf.com,jamf.com,nav_footer,nav,Microsoft,https://www.jamf.com/integrations/microsoft/,third-party brand (partner or integration reference)
jamf.com,jamf.com,nav_footer,nav,Okta,https://www.jamf.com/integrations/okta/,third-party brand (partner or integration reference)
jamf.com,jamf.com,nav_footer,nav,Trust,https://www.jamf.com/trust-center/,"site section, not an offering"
jamf.com,jamf.com,nav_footer,service,Professional Services,https://www.jamf.com/services/,industry or vertical
jio.com,jio.com,nav_header,nav,Customer Care,https://www.jio.com/help/home/,"site section, not an offering"
jio.com,jio.com,nav_footer,nav,Press release,https://www.jio.com/jcms/press-release/,"event, report or content"
jisasoftech.com,jisasoftech.com,nav_footer,nav,Digital Personal Data Protection act 2023,https://jisasoftech.com/dpdp-act-2023/,date or release cycle
jisasoftech.com,jisasoftech.com,nav_footer,nav,Powered by GDPR Cookie Compliance,https://wordpress.org/plugins/gdpr-cookie-compliance/,"pricing, legal or admin"
jumpcloud.com,jumpcloud.com,nav_header,nav,Crowdstrike,https://jumpcloud.com/leverage-jumpcloud-with-crowdstrike-integration,third-party brand (partner or integration reference)
jumpcloud.com,jumpcloud.com,nav_footer,nav,Professional Services,https://jumpcloud.com/professional-services,industry or vertical
jumpcloud.com,jumpcloud.com,nav_footer,nav,Trust,https://jumpcloud.com/trust,"site section, not an offering"
jumpcloud.com,jumpcloud.com,nav_header,use_case,AWS,https://jumpcloud.com/use-cases/amazon-web-services-jumpcloud,third-party brand (partner or integration reference)
kaspersky.co.in,kaspersky.co.in,nav_footer,nav,France,https://www.kaspersky.fr/?ignoreredirects=true,place or region
kaspersky.co.in,kaspersky.co.in,nav_footer,nav,India,https://www.kaspersky.co.in/?ignoreredirects=true,place or region
kaspersky.co.in,kaspersky.co.in,nav_footer,nav,Licence Agreement B2B,https://www.kaspersky.co.in/business/eula,"pricing, legal or admin"
kaspersky.co.in,kaspersky.co.in,nav_footer,nav,Licence Agreement B2C,https://www.kaspersky.co.in/end-user-license-agreement,"pricing, legal or admin"
kaspersky.co.in,kaspersky.co.in,nav_footer,nav,Resource Center,https://www.kaspersky.co.in/resource-center,"site section, not an offering"
kaspersky.co.in,kaspersky.co.in,nav_footer,nav,United Kingdom,https://www.kaspersky.co.uk/?ignoreredirects=true,place or region
kaspersky.co.in,kaspersky.co.in,nav_footer,nav,United States,https://usa.kaspersky.com/?ignoreredirects=true,place or region
kissflow.com,kissflow.com,sitemap,solution,Banking,https://kissflow.com/es/solutions/banking,industry or vertical
kissflow.com,kissflow.com,sitemap,solution,Construction,https://kissflow.com/solutions/construction/,industry or vertical
kissflow.com,kissflow.com,sitemap,solution,Contract Renewal or Credential Expiry,https://kissflow.com/solutions/education/contract-renewal-or-credential-expiry/,"pricing, legal or admin"
kissflow.com,kissflow.com,nav_footer,solution,Education,https://kissflow.com/solutions/education/,industry or vertical
kissflow.com,kissflow.com,sitemap,solution,Fuel Pricing Automation,https://kissflow.com/solutions/energy/fuel-pricing-automation/,"pricing, legal or admin"
kissflow.com,kissflow.com,sitemap,solution,Healthcare,https://kissflow.com/fr/solutions/healthcare,industry or vertical
kissflow.com,kissflow.com,sitemap,solution,Hospitality,https://kissflow.com/solutions/real-estate/hospitality/,industry or vertical
kissflow.com,kissflow.com,sitemap,solution,Insurance,https://kissflow.com/solutions/insurance/,industry or vertical
kissflow.com,kissflow.com,sitemap,solution,Logistics,https://kissflow.com/solutions/logistics/,industry or vertical
kissflow.com,kissflow.com,sitemap,solution,Manufacturing,https://kissflow.com/es/solutions/manufacturing,industry or vertical
kissflow.com,kissflow.com,nav_footer,solution,Oil & Gas,https://kissflow.com/solutions/energy/,industry or vertical
kissflow.com,kissflow.com,nav_header,solution,Real Estate,https://kissflow.com/solutions/real-estate/,industry or vertical
kissflow.com,kissflow.com,nav_footer,solution,Retail,https://kissflow.com/solutions/retail/,industry or vertical
kissflow.com,kissflow.com,sitemap,solution,Telecom,https://kissflow.com/solutions/telecom/,industry or vertical
konghq.com,konghq.com,nav_footer,nav,English,https://konghq.com,language switcher
konghq.com,konghq.com,nav_footer,nav,Japanese,https://jp.konghq.com,language switcher
kyndryl.com,kyndryl.com,nav_header,industry,Automotive,https://www.kyndryl.com/us/en/industries/automotive,industry or vertical
kyndryl.com,kyndryl.com,nav_header,industry,Government,https://www.kyndryl.com/us/en/industries/government,industry or vertical
kyndryl.com,kyndryl.com,sitemap,industry,Healthcare,https://www.kyndryl.com/us/en/industries/healthcare,industry or vertical
kyndryl.com,kyndryl.com,nav_header,industry,Insurance,https://www.kyndryl.com/us/en/industries/insurance,industry or vertical
kyndryl.com,kyndryl.com,nav_header,industry,Manufacturing,https://www.kyndryl.com/us/en/industries/manufacturing,industry or vertical
kyndryl.com,kyndryl.com,nav_header,industry,Utilities,https://www.kyndryl.com/us/en/industries/utilities,industry or vertical
kyndryl.com,kyndryl.com,nav_footer,nav,Alliances,https://www.kyndryl.com/us/en/about-us/alliances,"site section, not an offering"
kyndryl.com,kyndryl.com,nav_footer,nav,Locations,https://www.kyndryl.com/us/en/about-us/locations,"site section, not an offering"
kyndryl.com,kyndryl.com,nav_header,nav,Progress Report podcast,https://www.kyndryl.com/us/en/insights/podcast,"event, report or content"
kyndryl.com,kyndryl.com,nav_footer,nav,Trust,https://www.kyndryl.com/us/en/about-us/trust,"site section, not an offering"
kyvosinsights.com,kyvosinsights.com,nav_footer,nav,AWS,https://www.kyvosinsights.com/semantic-layer/cloud-cost-savings/aws/,third-party brand (partner or integration reference)
kyvosinsights.com,kyvosinsights.com,nav_footer,nav,Azure,https://www.kyvosinsights.com/semantic-layer/cloud-cost-savings/azure/,third-party brand (partner or integration reference)
kyvosinsights.com,kyvosinsights.com,nav_footer,nav,Databricks,https://www.kyvosinsights.com/semantic-layer/cloud-cost-savings/databricks,third-party brand (partner or integration reference)
kyvosinsights.com,kyvosinsights.com,nav_header,nav,Finance,https://www.kyvosinsights.com/financial-analytics-solution/,industry or vertical
kyvosinsights.com,kyvosinsights.com,nav_footer,nav,Looker,https://www.kyvosinsights.com/semantic-layer/bi-performance/looker/,third-party brand (partner or integration reference)
kyvosinsights.com,kyvosinsights.com,nav_footer,nav,Power BI,https://www.kyvosinsights.com/semantic-layer/bi-performance/power-bi/,third-party brand (partner or integration reference)
kyvosinsights.com,kyvosinsights.com,nav_header,nav,Retail,https://www.kyvosinsights.com/retail-analytics-solution/,industry or vertical
kyvosinsights.com,kyvosinsights.com,nav_footer,nav,Snowflake,https://www.kyvosinsights.com/semantic-layer/cloud-cost-savings/snowflake/,third-party brand (partner or integration reference)
kyvosinsights.com,kyvosinsights.com,nav_header,nav,Strategy,https://www.kyvosinsights.com/an-in-depth-comparison-of-kyvos-vs-strategy/,"site section, not an offering"
kyvosinsights.com,kyvosinsights.com,nav_footer,nav,Tableau,https://www.kyvosinsights.com/semantic-layer/bi-performance/tableau/,third-party brand (partner or integration reference)
kyvosinsights.com,kyvosinsights.com,nav_header,nav,Trial,https://www.kyvosinsights.com/start-your-trial/,"site section, not an offering"
kyvosinsights.com,kyvosinsights.com,nav_header,offering,SourceForge Spring 2026 Leader,https://sourceforge.net/software/product/Kyvos/,date or release cycle
kyvosinsights.com,kyvosinsights.com,nav_header,product,Summer Report 2026 - High Performer,https://www.g2.com/products/kyvos-semantic-layer/reviews,date or release cycle
label.averydennison.com,label.averydennison.com,nav_header,nav,2030 Goals,https://esg.averydennison.com/en/home/2030-sustainability-goals.html,date or release cycle
label.averydennison.com,label.averydennison.com,nav_header,nav,Chinese,https://fastener.averydennison.com/zh/home.html,language switcher
label.averydennison.com,label.averydennison.com,nav_header,nav,Deutsch,https://graphics.averydennison.com/eu-de/home.html,language switcher
label.averydennison.com,label.averydennison.com,nav_header,nav,English,https://esg.averydennison.com/en/home.html,language switcher
label.averydennison.com,label.averydennison.com,nav_header,nav,Español,https://graphics.averydennison.com/eu-es/home.html,language switcher
label.averydennison.com,label.averydennison.com,nav_header,nav,Français,https://graphics.averydennison.com/eu-fr/home.html,language switcher
label.averydennison.com,label.averydennison.com,nav_header,nav,Germany,https://identificationsolutions.averydennison.com/de/home.html,place or region
label.averydennison.com,label.averydennison.com,nav_header,nav,Insights,https://label.averydennison.com/na/en/home/news-insights/insights.html,"site section, not an offering"
label.averydennison.com,label.averydennison.com,nav_header,nav,Italiano,https://graphics.averydennison.com/eu-it/home.html,language switcher
label.averydennison.com,label.averydennison.com,nav_header,nav,Japanese,https://rfid.averydennison.com/jp/home.html,language switcher
label.averydennison.com,label.averydennison.com,nav_header,nav,Korean,https://rfid.averydennison.com/ko/home.html,language switcher
label.averydennison.com,label.averydennison.com,nav_footer,nav,Locations,https://label.averydennison.com/na/en/home/locations.html,"site section, not an offering"
label.averydennison.com,label.averydennison.com,nav_header,nav,Podcast,https://label.averydennison.com/na/en/home/news-insights/beyond-the-label-podcast.html,"event, report or content"
label.averydennison.com,label.averydennison.com,nav_header,nav,Polski,https://label.averydennison.com/eu/pl/home.html,language switcher
label.averydennison.com,label.averydennison.com,nav_header,nav,Português,http://graphics.averydennison.com.br/pt_br/home.html,language switcher
label.averydennison.com,label.averydennison.com,nav_header,nav,Press Releases,https://label.averydennison.com/na/en/home/press-releases.html,"site section, not an offering"
label.averydennison.com,label.averydennison.com,nav_header,nav,Sustainability,https://label.averydennison.com/na/en/home/sustainability.html,"site section, not an offering"
label.averydennison.com,label.averydennison.com,nav_header,product,Pharmaceutical,https://label.averydennison.com/na/en/home/products/pharmaceutical.html,industry or vertical
label.averydennison.com,label.averydennison.com,nav_header,product,TC 2000 Topcoat,https://label.averydennison.com/na/en/home/products/film/topcoat-films.html,date or release cycle
leegality.com,leegality.com,nav_footer,nav,Banking,https://www.leegality.com/banking,industry or vertical
leegality.com,leegality.com,nav_header,nav,Consent Blog,https://www.leegality.com/consent-blog,"event, report or content"
leegality.com,leegality.com,nav_footer,nav,Culture,https://www.leegality.com/culture,"people, careers or company"
leegality.com,leegality.com,nav_footer,nav,Human Resources,https://www.leegality.com/human-resources,industry or vertical
leegality.com,leegality.com,nav_footer,nav,Platform Overview,https://www.leegality.com/documentexecution,"site section, not an offering"
leegality.com,leegality.com,nav_footer,nav,Responsible Disclosure,https://www.leegality.com/responsible-disclosure,"site section, not an offering"
leftrightmind.com,leftrightmind.com,nav_footer,nav,Explore,https://www.leftrightmind.com/#detect,"site section, not an offering"
lenovo.com,lenovo.com,sitemap,service,Support Services,https://www.lenovo.com/au/en/services/support-services/,"site section, not an offering"
lenovo.com,lenovo.com,sitemap,solution,Industry,https://www.lenovo.com/au/en/solutions/industry/,"site section, not an offering"
liferay.com,liferay.com,sitemap,capability,Enterprise,https://www.liferay.com/capabilities/cms/enterprise,industry or vertical
liferay.com,liferay.com,sitemap,industry,Education,https://www.liferay.com/industries/education,industry or vertical
liferay.com,liferay.com,nav_header,industry,Energy & Utilities,https://www.liferay.com/industries/energy-and-utilities,industry or vertical
liferay.com,liferay.com,sitemap,industry,Energy and Utilities,https://www.liferay.com/de/industries/energy-and-utilities,industry or vertical
liferay.com,liferay.com,nav_header,industry,Financial Services,https://www.liferay.com/industries/financial-services,industry or vertical
liferay.com,liferay.com,nav_header,industry,Healthcare,https://www.liferay.com/industries/healthcare,industry or vertical
liferay.com,liferay.com,sitemap,industry,Insurance,https://www.liferay.com/industries/insurance,industry or vertical
liferay.com,liferay.com,sitemap,industry,Logistics,https://www.liferay.com/industries/logistics,industry or vertical
liferay.com,liferay.com,nav_header,industry,Manufacturing,https://www.liferay.com/industries/manufacturing,industry or vertical
liferay.com,liferay.com,nav_header,industry,Public Sector,https://www.liferay.com/industries/public-sector,industry or vertical
liferay.com,liferay.com,sitemap,industry,Real Estate,https://www.liferay.com/industries/real-estate,industry or vertical
liferay.com,liferay.com,nav_footer,nav,Locations,https://www.liferay.com/locations,"site section, not an offering"
lightstorm.net,lightstorm.net,nav_header,nav,APAC,https://www.lightstorm.net/our-presence/apac,place or region
lightstorm.net,lightstorm.net,nav_header,nav,Community,https://www.lightstorm.net/company/community,"site section, not an offering"
lightstorm.net,lightstorm.net,nav_header,nav,India,https://www.lightstorm.net/our-presence/india,place or region
linkshadow.com,linkshadow.com,nav_footer,nav,Datasheet & Whitepaper,https://www.linkshadow.com/datasheet-and-whitepaper/,"event, report or content"
linkshadow.com,linkshadow.com,nav_footer,nav,Leadership Team,https://www.linkshadow.com/leadership-team/,"people, careers or company"
locuz.com,locuz.com,nav_footer,nav,Automotive,https://www.locuz.com/automotive-industry,industry or vertical
locuz.com,locuz.com,nav_footer,nav,Azure,https://www.locuz.com/azure,third-party brand (partner or integration reference)
locuz.com,locuz.com,nav_footer,nav,Energy,https://www.locuz.com/energy-industry,industry or vertical
locuz.com,locuz.com,nav_footer,nav,Financial Services,https://www.locuz.com/financial-industry,industry or vertical
locuz.com,locuz.com,nav_footer,nav,Leadership Team,https://www.locuz.com/leadership-team,"people, careers or company"
locuz.com,locuz.com,nav_footer,nav,Manufacturing,https://www.locuz.com/manufacturing-industry,industry or vertical
locuz.com,locuz.com,nav_footer,nav,Microsoft,https://www.locuz.com/microsoft-security-solutions,third-party brand (partner or integration reference)
locuz.com,locuz.com,nav_footer,nav,Splunk,https://www.locuz.com/splunk,third-party brand (partner or integration reference)
logrhythm.com,logrhythm.com,nav_header,industry,Financial Services,https://logrhythm.com/industries/financial-services/,industry or vertical
logrhythm.com,logrhythm.com,nav_header,industry,Government,https://logrhythm.com/industries/government/,industry or vertical
logrhythm.com,logrhythm.com,nav_header,industry,Healthcare,https://logrhythm.com/industries/healthcare/,industry or vertical
logrhythm.com,logrhythm.com,nav_header,industry,Higher Education,https://logrhythm.com/industries/higher-education/,industry or vertical
logrhythm.com,logrhythm.com,nav_header,industry,Manufacturing,https://logrhythm.com/industries/manufacturing/,industry or vertical
logrhythm.com,logrhythm.com,nav_header,nav,All,https://logrhythm.com/explainers/,"site section, not an offering"
logrhythm.com,logrhythm.com,nav_footer,nav,Community,https://mycommunity.exabeam.com/,"site section, not an offering"
logrhythm.com,logrhythm.com,nav_header,nav,"Diversity, Inclusion & Culture",https://logrhythm.com/company/diversity/,"people, careers or company"
logrhythm.com,logrhythm.com,nav_footer,nav,Find a Partner,https://logrhythm.com/find-a-partner/,"site section, not an offering"
logrhythm.com,logrhythm.com,nav_footer,nav,Media Kit,https://logrhythm.com/newsroom/media-kit/,"site section, not an offering"
logrhythm.com,logrhythm.com,nav_footer,nav,New CISO Podcast,https://logrhythm.com/the-new-ciso-podcast/,"event, report or content"
logrhythm.com,logrhythm.com,nav_footer,nav,Professional Services,https://logrhythm.com/support-and-services/professional-services/,industry or vertical
logrhythm.com,logrhythm.com,nav_footer,nav,[email protected],https://logrhythm.com/cdn-cgi/l/email-protection#264f48404966435e474443474b0845494b,obfuscated email address
manageengine.com,manageengine.com,sitemap,product,Application Monitoring Ebook,https://www.manageengine.com/products/applications_manager/application-monitoring-ebook.html,"event, report or content"
manageengine.com,manageengine.com,sitemap,product,Customer,https://www.manageengine.com/products/applications_manager/customer.html,"site section, not an offering"
manageengine.com,manageengine.com,sitemap,product,Gartner Apm Magic Quadrant,https://www.manageengine.com/products/applications_manager/gartner-apm-magic-quadrant.html,"event, report or content"
manageengine.com,manageengine.com,sitemap,product,Gartner Peer Insights Apm,https://www.manageengine.com/products/applications_manager/gartner-peer-insights-apm.html,"event, report or content"
maxhub.com,maxhub.com,nav_footer,nav,Awards,https://www.maxhub.com/us/newsroom/?tab_id=4,"site section, not an offering"
maxhub.com,maxhub.com,nav_footer,nav,Cookies Policy,https://www.maxhub.com/us/cookies/,"site section, not an offering"
maxhub.com,maxhub.com,nav_header,nav,Resource Center,https://www.maxhub.com/us/resource-center/,"site section, not an offering"
maxhub.com,maxhub.com,nav_header,nav,Zoom,https://www.maxhub.com/us/zoom/,third-party brand (partner or integration reference)
maxhub.com,maxhub.com,nav_header,solution,Large Conference Solution,https://www.maxhub.com/us/solutions/enterprise.html,"event, report or content"
mendix.com,mendix.com,sitemap,industry,Aerospace and Defense,https://www.mendix.com/industries/aerospace-and-defense/,industry or vertical
mendix.com,mendix.com,nav_footer,industry,Banking,https://www.mendix.com/industries/banking/,industry or vertical
mendix.com,mendix.com,sitemap,industry,Education,https://www.mendix.com/industries/education/,industry or vertical
mendix.com,mendix.com,sitemap,industry,Energy and Utilities,https://www.mendix.com/industries/energy-and-utilities/,industry or vertical
mendix.com,mendix.com,nav_footer,industry,Financial Services,https://www.mendix.com/industries/financial-services/,industry or vertical
mendix.com,mendix.com,sitemap,industry,Government,https://www.mendix.com/industries/government/,industry or vertical
mendix.com,mendix.com,nav_footer,industry,Insurance,https://www.mendix.com/industries/insurance/,industry or vertical
mendix.com,mendix.com,sitemap,industry,Life Sciences,https://www.mendix.com/industries/life-sciences/,industry or vertical
mendix.com,mendix.com,sitemap,industry,Logistics,https://www.mendix.com/industries/logistics/,industry or vertical
mendix.com,mendix.com,nav_footer,industry,Public Sector,https://www.mendix.com/industries/public-sector/,industry or vertical
mendix.com,mendix.com,nav_footer,industry,Retail,https://www.mendix.com/industries/retail/,industry or vertical
mendix.com,mendix.com,nav_header,nav,AWS,https://www.mendix.com/aws/,third-party brand (partner or integration reference)
mendix.com,mendix.com,nav_footer,nav,Find a Partner,https://partners.home.mendix.com/,"site section, not an offering"
mendix.com,mendix.com,nav_header,nav,Marketplace,https://marketplace.mendix.com/,"site section, not an offering"
mendix.com,mendix.com,nav_header,nav,Snowflake,https://www.mendix.com/snowflake/,third-party brand (partner or integration reference)
mendix.com,mendix.com,nav_footer,nav,Sustainability,https://www.siemens.com/global/en/company/sustainability.html,"site section, not an offering"
mendix.com,mendix.com,nav_footer,platform,Platform Overview,https://www.mendix.com/platform/,"site section, not an offering"
menlosecurity.com,menlosecurity.com,nav_footer,nav,Deutsch,https://www.menlosecurity.com/de-de,language switcher
menlosecurity.com,menlosecurity.com,nav_header,nav,Ecosystem,https://www.menlosecurity.com/menlo-security-google-cloud,"site section, not an offering"
menlosecurity.com,menlosecurity.com,nav_footer,nav,English,https://www.menlosecurity.com/?r=0,language switcher
menlosecurity.com,menlosecurity.com,nav_footer,product,Platform Overview,https://www.menlosecurity.com/product,"site section, not an offering"
microsoft.com,microsoft.com,nav_footer,nav,Diversity and inclusion,https://www.microsoft.com/en-us/diversity/,"people, careers or company"
microsoft.com,microsoft.com,nav_footer,nav,Small Business,https://www.microsoft.com/en-us/store/b/business,industry or vertical
microsoft.com,microsoft.com,nav_footer,nav,Sustainability,https://www.microsoft.com/en-us/sustainability/,"site section, not an offering"
miniorange.com,miniorange.com,sitemap,solution,Energy,https://www.miniorange.com/iam/solutions/energy,industry or vertical
miniorange.com,miniorange.com,sitemap,solution,Healthcare,https://www.miniorange.com/iam/solutions/healthcare,industry or vertical
miniorange.com,miniorange.com,sitemap,solution,Telecom,https://www.miniorange.com/iam/solutions/telecom,industry or vertical
moengage.com,moengage.com,sitemap,industry,Financial Services,https://www.moengage.com/industry/financial-services/,industry or vertical
moengage.com,moengage.com,sitemap,industry,Telecom,https://www.moengage.com/industry/telecom/,industry or vertical
moengage.com,moengage.com,nav_footer,industry,Travel & Hospitality,https://www.moengage.com/industries/travel-hospitality/,industry or vertical
moengage.com,moengage.com,sitemap,industry,Travel and Hospitality,https://www.moengage.com/industries/travel-and-hospitality/,industry or vertical
moengage.com,moengage.com,nav_footer,nav,Responsible Disclosure,https://www.moengage.com/responsible-disclosure/,"site section, not an offering"
mongodb.com,mongodb.com,sitemap,product,Aws,https://www.mongodb.com/products/platform/atlas-cloud-providers/aws,third-party brand (partner or integration reference)
mongodb.com,mongodb.com,sitemap,product,Azure,https://www.mongodb.com/products/platform/atlas-cloud-providers/azure,third-party brand (partner or integration reference)
mongodb.com,mongodb.com,sitemap,product,Trust,https://www.mongodb.com/products/platform/trust,"site section, not an offering"
mongodb.com,mongodb.com,sitemap,solution,Cisco,https://www.mongodb.com/solutions/customer-case-studies/cisco,third-party brand (partner or integration reference)
mongodb.com,mongodb.com,nav_header,solution,Financial Services,https://www.mongodb.com/solutions/industries/financial-services,industry or vertical
mongodb.com,mongodb.com,nav_header,solution,Gaming,https://www.mongodb.com/solutions/use-cases/gaming,industry or vertical
mongodb.com,mongodb.com,nav_header,solution,Healthcare,https://www.mongodb.com/solutions/industries/healthcare,industry or vertical
mongodb.com,mongodb.com,sitemap,solution,Insurance,https://www.mongodb.com/solutions/industries/insurance,industry or vertical
mongodb.com,mongodb.com,nav_header,solution,Manufacturing,https://www.mongodb.com/solutions/industries/manufacturing,industry or vertical
mongodb.com,mongodb.com,sitemap,solution,Media and Entertainment,https://www.mongodb.com/solutions/industries/media-and-entertainment,industry or vertical
mongodb.com,mongodb.com,nav_header,solution,Public Sector,https://www.mongodb.com/solutions/industries/public-sector,industry or vertical
mongodb.com,mongodb.com,nav_header,solution,Retail,https://www.mongodb.com/solutions/industries/retail,industry or vertical
mongodb.com,mongodb.com,nav_header,solution,Telecommunications,https://www.mongodb.com/solutions/industries/telecommunications,industry or vertical
morphisec.com,morphisec.com,nav_footer,industry,Education,https://www.morphisec.com/industry/education/,industry or vertical
morphisec.com,morphisec.com,nav_footer,industry,Finance,https://www.morphisec.com/industry/finance/,industry or vertical
morphisec.com,morphisec.com,nav_footer,industry,Healthcare,https://www.morphisec.com/industry/healthcare/,industry or vertical
morphisec.com,morphisec.com,nav_footer,industry,Manufacturing,https://www.morphisec.com/industry/manufacturing/,industry or vertical
morphisec.com,morphisec.com,nav_footer,industry,Professional Services,https://www.morphisec.com/industry/professional-services/,industry or vertical
morphisec.com,morphisec.com,nav_footer,technology,CrowdStrike,https://www.morphisec.com/technology/crowdstrike/,third-party brand (partner or integration reference)
morphisec.com,morphisec.com,nav_footer,technology,Palo alto networks,https://www.morphisec.com/technology/palo-alto-cortex/,third-party brand (partner or integration reference)
morphisec.com,morphisec.com,nav_footer,technology,SentinelOne,https://www.morphisec.com/technology/sentinelone/,third-party brand (partner or integration reference)
mxtechies.com,mxtechies.com,nav_header,industry,Banking & Finance,https://www.mxtechies.com/industries/mendix-financial-services,industry or vertical
mxtechies.com,mxtechies.com,nav_header,industry,Energy & Utilities,https://www.mxtechies.com/industries/industry-energy,industry or vertical
myvi.in,myvi.in,nav_footer,nav,Investor Relations,https://www.myvi.in/investors/investors-support,"people, careers or company"
myvi.in,myvi.in,nav_footer,nav,Register for Online Refund,https://www.myvi.in/postpaid/neft-details-for-refund,"pricing, legal or admin"
nagarro.com,nagarro.com,nav_header,industry,insurance,https://www.nagarro.com/en/industries/insurance,industry or vertical
nagarro.com,nagarro.com,nav_header,nav,Banking and Financial Services,https://www.nagarro.com/en/insights-events/filter?tag=modernize&hsLang=en,industry or vertical
nagarro.com,nagarro.com,nav_header,nav,Share Buyback 2025,https://www.nagarro.com/en/investor-relations/share-buyback-2025?hsLang=en,date or release cycle
neat.no,neat.no,nav_footer,nav,Cookies Policy,https://neat.no/cookies/,"site section, not an offering"
neosofttech.com,neosofttech.com,nav_header,industry,Media & Entertainment,https://www.neosofttech.com/industries/media-software-development/,industry or vertical
neosofttech.com,neosofttech.com,nav_header,industry,Travel & Hospitality,https://www.neosofttech.com/industries/travel-app-development/,industry or vertical
neosofttech.com,neosofttech.com,nav_header,nav,Press Releases,https://www.neosofttech.com/press-releases-2/,"site section, not an offering"
neosofttech.com,neosofttech.com,nav_header,nav,Professional Services,https://www.neosofttech.com/professional-services/,industry or vertical
neosofttech.com,neosofttech.com,nav_header,nav,Sports,https://www.neosofttech.com/sports/,industry or vertical
neosofttech.com,neosofttech.com,nav_footer,solution,SAP,https://www.neosofttech.com/solutions/sap/,third-party brand (partner or integration reference)
neosofttech.com,neosofttech.com,nav_footer,solution,eCommerce,https://www.neosofttech.com/solutions/ecommerce/,industry or vertical
netenrich.com,netenrich.com,nav_footer,nav,Guides,https://netenrich.com/guides,"site section, not an offering"
netpoleons.com,netpoleons.com,nav_header,nav,On Demand Webinar,https://www.netpoleons.com/on-demand-webinar.html,"event, report or content"
netpoleons.com,netpoleons.com,nav_footer,nav,White Paper,https://www.netpoleons.com/white-paper.html,"event, report or content"
netpoleons.com,netpoleons.com,nav_footer,nav,​​Careers ​,https://www.netpoleons.com/careers.html,"people, careers or company"
netskope.com,netskope.com,nav_header,nav,Deutsch,https://www.netskope.com/de/,language switcher
netskope.com,netskope.com,nav_header,nav,English,https://www.netskope.com/,language switcher
netskope.com,netskope.com,nav_header,nav,Español,https://www.netskope.com/es/,language switcher
netskope.com,netskope.com,nav_footer,nav,Explore,https://www.netskope.com/why-netskope,"site section, not an offering"
netskope.com,netskope.com,nav_header,nav,Français,https://www.netskope.com/fr/,language switcher
netskope.com,netskope.com,nav_footer,nav,Investor Relations,https://investors.netskope.com/,"people, careers or company"
netskope.com,netskope.com,nav_header,nav,Italiano,https://www.netskope.com/it/,language switcher
netskope.com,netskope.com,nav_header,nav,Português,https://www.netskope.com/pt/,language switcher
netskope.com,netskope.com,nav_header,nav,Product Documentation,https://docs.netskope.com/,"site section, not an offering"
netskope.com,netskope.com,nav_header,nav,Professional Services,https://www.netskope.com/professional-services,industry or vertical
netskope.com,netskope.com,nav_footer,nav,Technical Support,https://www.netskope.com/netskope-technical-support,"site section, not an offering"
netskope.com,netskope.com,sitemap,product,Deployment Options,https://www.netskope.com/products/deployment-options,"site section, not an offering"
netskope.com,netskope.com,nav_header,solution,Higher Education,https://www.netskope.com/solutions/higher-education,industry or vertical
netskope.com,netskope.com,nav_header,solution,Manufacturing,https://www.netskope.com/solutions/manufacturing,industry or vertical
netskope.com,netskope.com,sitemap,solution,Retail,https://www.netskope.com/solutions/retail,industry or vertical
netskope.com,netskope.com,nav_header,solution,Utilities,https://www.netskope.com/solutions/utilities,industry or vertical
netwitness.com,netwitness.com,nav_footer,nav,Community,https://community.netwitness.com/s/,"site section, not an offering"
netwitness.com,netwitness.com,nav_footer,nav,Italiano,https://www.netwitness.com/it/,language switcher
netwitness.com,netwitness.com,nav_footer,service,Professional Services,https://www.netwitness.com/services/professional-services/,industry or vertical
netwitness.com,netwitness.com,nav_footer,service,Technical Support,https://www.netwitness.com/services/technical-support/,"site section, not an offering"
newgensoft.com,newgensoft.com,sitemap,solution,Customer Service,https://newgensoft.com/solutions/business-functions/enterprise-service-management/customer-service/,"site section, not an offering"
newgensoft.com,newgensoft.com,sitemap,solution,Energy Utilities,https://newgensoft.com/solutions/industries/energy-utilities/,industry or vertical
newgensoft.com,newgensoft.com,nav_header,solution,Government,https://newgensoft.com/solutions/industries/government/,industry or vertical
newgensoft.com,newgensoft.com,nav_header,solution,Healthcare,https://newgensoft.com/solutions/industries/healthcare/,industry or vertical
newgensoft.com,newgensoft.com,nav_header,solution,Insurance,https://newgensoft.com/solutions/industries/insurance/,industry or vertical
newrelic.com,newrelic.com,nav_footer,nav,Community,https://support.newrelic.com/s/,"site section, not an offering"
newrelic.com,newrelic.com,nav_footer,nav,Deutsch,https://newrelic.com/de,language switcher
newrelic.com,newrelic.com,nav_footer,nav,Español,https://newrelic.com/es,language switcher
newrelic.com,newrelic.com,nav_footer,nav,Français,https://newrelic.com/fr,language switcher
newrelic.com,newrelic.com,nav_footer,nav,Patent Notice,https://newrelic.com/termsandconditions/patent-notice,"pricing, legal or admin"
newrelic.com,newrelic.com,nav_footer,nav,Português,https://newrelic.com/pt,language switcher
newrelic.com,newrelic.com,nav_footer,nav,Professional Services,https://newrelic.com/professional-services,industry or vertical
newrelic.com,newrelic.com,nav_footer,nav,Technical Support,https://support.newrelic.com/?_gl=1*pfr5i2*_gcl_au*MTUxODQyODc5My4xNzYyMTkxNjI1*_ga*MTg4MjQ0ODQ3MC4xNzU0MzQ1MzIz*_ga_R5EF3MCG7B*czE3Njc5Nzg1NDYkbzEyMiRnMSR0MTc2Nzk3OTk5MyRqNTkkbDEkaDE3MTA3NDAwMDA.,"site section, not an offering"
newrelic.com,newrelic.com,nav_header,solution,Healthcare,https://newrelic.com/solutions/industry/healthcare,industry or vertical
newrelic.com,newrelic.com,nav_header,solution,Media & Entertainment,https://newrelic.com/solutions/industry/digital-media-monitoring,industry or vertical
newrelic.com,newrelic.com,nav_header,solution,Public Sector,https://newrelic.com/solutions/industry/public-sector,industry or vertical
newrelic.com,newrelic.com,nav_header,solution,ServiceNow,https://newrelic.com/solutions/servicenow,third-party brand (partner or integration reference)
newrelic.com,newrelic.com,nav_header,solution,Startups,https://newrelic.com/solutions/industry/startups,industry or vertical
nexapp.co.in,nexapp.co.in,nav_header,nav,Board of Directors,https://nexapp.co.in/boardofdirectors/,"people, careers or company"
nexapp.co.in,nexapp.co.in,nav_footer,nav,connect@nexapp.co.in,https://mail.google.com/mail/?view=cm&fs=1&to=connect@nexapp.co.in,obfuscated email address
nice.com,nice.com,sitemap,product,Salesforce,https://www.nice.com/products/crm-integrations/salesforce,third-party brand (partner or integration reference)
nice.com,nice.com,sitemap,product,Servicenow,https://www.nice.com/products/crm-integrations/servicenow,third-party brand (partner or integration reference)
nice.com,nice.com,sitemap,product,Zoom,https://www.nice.com/products/ucaas-integrations/zoom,third-party brand (partner or integration reference)
nice.com,nice.com,sitemap,solution,Enterprise,https://www.nice.com/solutions/enterprise,industry or vertical
nividous.com,nividous.com,nav_footer,nav,Privacy Policy for CCPA,https://nividous.com/nividous-privacy-policy-ccpa,"pricing, legal or admin"
nividous.com,nividous.com,nav_footer,solution,Human Resources,https://nividous.com/solutions/function/hr-automation,industry or vertical
nopalcyber.com,nopalcyber.com,nav_footer,nav,Healthcare,https://www.nopalcyber.com/industry-healthcare,industry or vertical
nopalcyber.com,nopalcyber.com,nav_footer,nav,Legal,https://www.nopalcyber.com/industry-legal,industry or vertical
nopalcyber.com,nopalcyber.com,nav_footer,nav,[email protected],https://www.nopalcyber.com/cdn-cgi/l/email-protection#0e676068614e60617e6f626d776c6b7c206d6163,obfuscated email address
npav.net,npav.net,nav_header,nav,Downloads,https://www.npav.net/downloads,"site section, not an offering"
npav.net,npav.net,nav_footer,nav,Refund / Return Policy,https://www.npav.net/refund-policy,"pricing, legal or admin"
npav.net,npav.net,nav_header,nav,Renewal,https://www.npav.net/renewal,"pricing, legal or admin"
nttdata.com,nttdata.com,sitemap,service,Consulting,https://www.nttdata.com/en-us/services/consulting,"site section, not an offering"
nttdata.com,nttdata.com,sitemap,service,Logistics,https://www.nttdata.com/jp/ja/services/logistics,industry or vertical
okta.com,okta.com,nav_header,industry,Energy,https://www.okta.com/industries/energy/,industry or vertical
okta.com,okta.com,nav_header,industry,Financial Services,https://www.okta.com/industries/financial-services,industry or vertical
okta.com,okta.com,nav_header,industry,Healthcare,https://www.okta.com/industries/healthcare/,industry or vertical
okta.com,okta.com,nav_header,industry,Manufacturing,https://www.okta.com/industries/manufacturing/,industry or vertical
okta.com,okta.com,nav_header,industry,Non-Profit,https://www.okta.com/industries/nonprofits/,industry or vertical
okta.com,okta.com,nav_header,industry,Public Sector,https://www.okta.com/industries/public-sector/,industry or vertical
okta.com,okta.com,nav_header,industry,Retail,https://www.okta.com/industries/retail/,industry or vertical
okta.com,okta.com,nav_header,industry,Travel & Hospitality,https://www.okta.com/industries/travel-hospitality/,industry or vertical
okta.com,okta.com,nav_footer,nav,Australia,https://www.okta.com/en-au/,place or region
okta.com,okta.com,nav_footer,nav,Brazil,https://www.okta.com/pt-br/,place or region
okta.com,okta.com,nav_header,nav,Community,https://devforum.okta.com/,"site section, not an offering"
okta.com,okta.com,nav_footer,nav,France,https://www.okta.com/fr-fr/,place or region
okta.com,okta.com,nav_footer,nav,Germany,https://www.okta.com/de-de/,place or region
okta.com,okta.com,nav_footer,nav,India,https://www.okta.com/en-in/,place or region
okta.com,okta.com,nav_footer,nav,Japan,https://www.okta.com/ja-jp/,place or region
okta.com,okta.com,nav_footer,nav,Legal,https://www.okta.com/agreements/,industry or vertical
okta.com,okta.com,nav_footer,nav,Mexico,https://www.okta.com/es-mx/,place or region
okta.com,okta.com,nav_footer,nav,Netherlands,https://www.okta.com/en-nl/,place or region
okta.com,okta.com,nav_header,nav,Product Documentation,https://help.okta.com/en-us/content/index.htm,"site section, not an offering"
okta.com,okta.com,nav_footer,nav,Singapore,https://www.okta.com/en-sg/,place or region
okta.com,okta.com,nav_footer,nav,Spain,https://www.okta.com/es-es/,place or region
okta.com,okta.com,nav_footer,nav,United Kingdom,https://www.okta.com/en-gb/,place or region
okta.com,okta.com,nav_header,service,Professional Services,https://www.okta.com/services/professional-services/,industry or vertical
okta.com,okta.com,nav_header,solution,Small Business,https://www.okta.com/solutions/small-business/,industry or vertical
opswat.com,opswat.com,sitemap,product,Enterprise,https://www.opswat.com/products/metadefender/enterprise,industry or vertical
opswat.com,opswat.com,sitemap,solution,Education,https://www.opswat.com/solutions/email-security/industries-we-serve/education,industry or vertical
opswat.com,opswat.com,sitemap,solution,Energy,https://www.opswat.com/solutions/email-security/industries-we-serve/energy,industry or vertical
opswat.com,opswat.com,sitemap,solution,Federal Government,https://www.opswat.com/solutions/email-security/industries-we-serve/federal-government,industry or vertical
opswat.com,opswat.com,sitemap,solution,Healthcare,https://www.opswat.com/solutions/email-security/industries-we-serve/healthcare,industry or vertical
opswat.com,opswat.com,sitemap,solution,Manufacturing,https://www.opswat.com/solutions/email-security/industries-we-serve/manufacturing,industry or vertical
opswat.com,opswat.com,sitemap,solution,Newsletter,https://www.opswat.com/solutions/oem/newsletter,"event, report or content"
opswat.com,opswat.com,sitemap,solution,Public Sector,https://www.opswat.com/solutions/email-security/industries-we-serve/public-sector,industry or vertical
oracle.com,oracle.com,sitemap,offering,Aws,https://www.oracle.com/cloud/aws/,third-party brand (partner or integration reference)
oracle.com,oracle.com,sitemap,offering,Azure,https://www.oracle.com/cloud/azure/,third-party brand (partner or integration reference)
oracle.com,oracle.com,sitemap,offering,Gartner Mq Strategic Cloud Platform Services Leader,https://www.oracle.com/cloud/gartner-mq-strategic-cloud-platform-services-leader/,"event, report or content"
oracle.com,oracle.com,sitemap,offering,Idc Business Value of Oci,https://www.oracle.com/cloud/idc-business-value-of-oci/,"event, report or content"
oracle.com,oracle.com,sitemap,offering,Price List,https://www.oracle.com/cloud/price-list/,"pricing, legal or admin"
oracle.com,oracle.com,sitemap,offering,Private Equity,https://www.oracle.com/cloud/private-equity/,industry or vertical
oracle.com,oracle.com,sitemap,product,Marketing,https://www.oracle.com/utilities/products/marketing/,"site section, not an offering"
orca.security,orca.security,nav_footer,nav,2025 Gartner® Market Guide for CNAPP,https://orca.security/lp/2025-gartner-market-guide-for-cnapp/,date or release cycle
orca.security,orca.security,nav_footer,nav,2026 State of AI Security Report,https://orca.security/lp/2026-state-of-ai-security-report,date or release cycle
orca.security,orca.security,nav_footer,nav,2026 State of Application Security Report,https://orca.security/lp/2026-state-of-application-security-report/,date or release cycle
orca.security,orca.security,nav_footer,nav,Europe,https://eu.app.orcasecurity.io,place or region
orca.security,orca.security,nav_footer,nav,USA,https://app.orcasecurity.io,place or region
orca.security,orca.security,nav_footer,nav,Virtual Patent Marking,https://orca.security/virtual-patent-marking/,"pricing, legal or admin"
orca.security,orca.security,nav_footer,solution,Financial Services,https://orca.security/solutions/industries/financial-services/,industry or vertical
orca.security,orca.security,nav_footer,solution,Media & Entertainment,https://orca.security/solutions/industries/media-entertainment/,industry or vertical
outsystems.com,outsystems.com,nav_footer,industry,Education,https://www.outsystems.com/industries/education,industry or vertical
outsystems.com,outsystems.com,nav_footer,industry,Energy and Utilities,https://www.outsystems.com/industries/energy-and-utilities,industry or vertical
outsystems.com,outsystems.com,sitemap,industry,Financial Services,https://www.outsystems.com/de-de/industries/financial-services,industry or vertical
outsystems.com,outsystems.com,nav_footer,industry,Government,https://www.outsystems.com/industries/government,industry or vertical
outsystems.com,outsystems.com,nav_footer,industry,Healthcare,https://www.outsystems.com/industries/healthcare,industry or vertical
outsystems.com,outsystems.com,nav_footer,industry,Insurance,https://www.outsystems.com/industries/insurance,industry or vertical
outsystems.com,outsystems.com,nav_footer,industry,Manufacturing,https://www.outsystems.com/industries/manufacturing,industry or vertical
outsystems.com,outsystems.com,nav_footer,nav,Deutsch,https://www.outsystems.com/de-de,language switcher
outsystems.com,outsystems.com,nav_header,nav,Developer newsletter,https://www.outsystems.com/community/developer-newsletter/,"event, report or content"
outsystems.com,outsystems.com,nav_footer,nav,English,https://www.outsystems.com/,language switcher
outsystems.com,outsystems.com,nav_footer,nav,Français,https://www.outsystems.com/fr-fr,language switcher
outsystems.com,outsystems.com,nav_footer,nav,Platform Overview,https://www.outsystems.com/low-code-platform,"site section, not an offering"
outsystems.com,outsystems.com,sitemap,offering,Enterprise,https://www.outsystems.com/evaluation-guide/security/enterprise,industry or vertical
paloaltonetworks.com,paloaltonetworks.com,sitemap,offering,Government,https://www.paloaltonetworks.com/cortex/cloud/government,industry or vertical
paloaltonetworks.com,paloaltonetworks.com,sitemap,service,Consulting,https://www.paloaltonetworks.com/services/consulting,"site section, not an offering"
paloaltonetworks.com,paloaltonetworks.com,sitemap,service,Education,https://www.paloaltonetworks.com/services/education,industry or vertical
parallels.com,parallels.com,sitemap,offering,Power BI,https://www.parallels.com/apps/power-bi/,third-party brand (partner or integration reference)
parallels.com,parallels.com,sitemap,product,All Resources,https://www.parallels.com/products/browser-isolation/all-resources/,"site section, not an offering"
parallels.com,parallels.com,sitemap,product,Aws,https://www.parallels.com/products/ras/use-cases/aws/,third-party brand (partner or integration reference)
parallels.com,parallels.com,sitemap,product,Construction,https://www.parallels.com/products/ras/use-cases/construction/,industry or vertical
parallels.com,parallels.com,sitemap,product,Education,https://www.parallels.com/products/desktop/use-cases/education/,industry or vertical
parallels.com,parallels.com,sitemap,product,Energy,https://www.parallels.com/products/ras/use-cases/energy/,industry or vertical
parallels.com,parallels.com,sitemap,product,Enterprise,https://www.parallels.com/se/products/desktop/enterprise/,industry or vertical
parallels.com,parallels.com,sitemap,product,Government,https://www.parallels.com/products/psw/use-cases/government/,industry or vertical
parallels.com,parallels.com,sitemap,product,Healthcare,https://www.parallels.com/products/psw/use-cases/healthcare/,industry or vertical
parallels.com,parallels.com,sitemap,product,Manufacturing,https://www.parallels.com/products/ras/use-cases/manufacturing/,industry or vertical
parallels.com,parallels.com,sitemap,product,Retail,https://www.parallels.com/products/ras/use-cases/retail/,industry or vertical
parallels.com,parallels.com,sitemap,product,Transportation,https://www.parallels.com/products/ras/use-cases/transportation/,industry or vertical
parallels.com,parallels.com,sitemap,product,Trial,https://www.parallels.com/products/desktop/trial/,"site section, not an offering"
peoplestrong.com,peoplestrong.com,nav_footer,nav,BFSI,https://www.peoplestrong.com/hr-software-bfsi/,industry or vertical
peoplestrong.com,peoplestrong.com,nav_footer,nav,Career & Skills,https://www.peoplestrong.com/career-and-skills/,"people, careers or company"
peoplestrong.com,peoplestrong.com,nav_footer,nav,Career Explore exciting opportunities,https://careers.peoplestrong.com/home,"people, careers or company"
peoplestrong.com,peoplestrong.com,nav_footer,nav,Design your 2026 approach and build forward,https://www.peoplestrong.com/white-paper/hr-tech-mandate/,date or release cycle
peoplestrong.com,peoplestrong.com,nav_footer,nav,Learning,https://www.peoplestrong.com/learning-management-system/,"site section, not an offering"
peoplestrong.com,peoplestrong.com,nav_footer,nav,Manufacturing,https://www.peoplestrong.com/hr-software-manufacturing-draft/,industry or vertical
peoplestrong.com,peoplestrong.com,nav_footer,nav,Retail,https://www.peoplestrong.com/hr-software-retail/,industry or vertical
peoplestrong.com,peoplestrong.com,nav_footer,nav,Webinar,https://www.peoplestrong.com/webinar-listing/,"event, report or content"
perfios.ai,perfios.ai,nav_footer,industry,Banking and Financial Services,https://perfios.ai/in/industries/banking-and-financial-services/,industry or vertical
perfios.ai,perfios.ai,nav_footer,industry,Fintech,https://perfios.ai/in/industries/fintech/,industry or vertical
perfios.ai,perfios.ai,nav_footer,industry,Gaming,https://perfios.ai/in/industries/gaming/,industry or vertical
perfios.ai,perfios.ai,nav_footer,industry,Insurance,https://perfios.ai/in/industries/insurance/,industry or vertical
perfios.ai,perfios.ai,nav_header,nav,Awards Setting industry records since 2008,https://perfios.ai/awards-accolades/,date or release cycle
perfios.ai,perfios.ai,nav_footer,nav,India,https://perfios.ai/in,place or region
perfios.ai,perfios.ai,nav_header,nav,Life at Perfios Where innovators thrive,https://perfios.ai/life-at-perfios/,"people, careers or company"
perfios.ai,perfios.ai,nav_header,nav,Management Our leadership team,https://perfios.ai/management-team/,"people, careers or company"
perfios.ai,perfios.ai,nav_footer,nav,Singapore,https://perfios.ai/sg,place or region
perfios.ai,perfios.ai,nav_footer,nav,Tech Blog,https://medium.com/m/global-identity-2?redirectUrl=https%3A%2F%2Fperfiostechblog.com%2F,"event, report or content"
persistent.com,persistent.com,sitemap,service,Consulting,https://www.persistent.com/services/consulting/,"site section, not an offering"
persistent.com,persistent.com,sitemap,service,Infographic Legacy IGA Challenges,https://www.persistent.com/services/enterprise-it-security/identity-access-management/infographic-legacy-iga-challenges/,"event, report or content"
picussecurity.com,picussecurity.com,nav_footer,nav,Customer Support,https://support.picussecurity.com,"site section, not an offering"
picussecurity.com,picussecurity.com,nav_header,nav,Healthcare,https://www.picussecurity.com/healthcare-security-validation,industry or vertical
picussecurity.com,picussecurity.com,nav_header,nav,Oil & Gas,https://www.picussecurity.com/oil-and-gas-cybersecurity,industry or vertical
pingcap.com,pingcap.com,sitemap,offering,Tidb Cloud Security White Paper,https://www.pingcap.com/trust-hub/security/tidb-cloud-security-white-paper/,"event, report or content"
pingcap.com,pingcap.com,nav_header,solution,Fintech,https://www.pingcap.com/solutions/fintech/,industry or vertical
pingidentity.com,pingidentity.com,sitemap,industry,Automotive,https://www.pingidentity.com/fr/industry/automotive.html,industry or vertical
pingidentity.com,pingidentity.com,sitemap,industry,Education,https://www.pingidentity.com/en/industry/public-sector/education.html,industry or vertical
pingidentity.com,pingidentity.com,sitemap,industry,Financial Services,https://www.pingidentity.com/fr/industry/financial-services.html,industry or vertical
pingidentity.com,pingidentity.com,sitemap,industry,Healthcare,https://www.pingidentity.com/fr/industry/healthcare.html,industry or vertical
pingidentity.com,pingidentity.com,sitemap,industry,Insurance,https://www.pingidentity.com/fr/industry/insurance.html,industry or vertical
pingidentity.com,pingidentity.com,sitemap,industry,Manufacturing,https://www.pingidentity.com/fr/industry/manufacturing.html,industry or vertical
pingidentity.com,pingidentity.com,sitemap,industry,Public Sector,https://www.pingidentity.com/en/industry/public-sector.html,industry or vertical
pingidentity.com,pingidentity.com,sitemap,industry,Retail,https://www.pingidentity.com/fr/industry/retail.html,industry or vertical
pingidentity.com,pingidentity.com,sitemap,platform,Deployment Options,https://www.pingidentity.com/fr/platform/deployment-options.html,"site section, not an offering"
planview.com,planview.com,sitemap,product,Agileplace Pricing,https://www.planview.com/products-solutions/products/agileplace/agileplace-pricing/,"pricing, legal or admin"
planview.com,planview.com,sitemap,product,Demos,https://www.planview.com/products-solutions/products/planview-projectadvantage/demos/,"site section, not an offering"
planview.com,planview.com,sitemap,product,Projectplace Pricing,https://www.planview.com/products-solutions/products/projectplace/projectplace-pricing/,"pricing, legal or admin"
planview.com,planview.com,nav_footer,product,ServiceNow,https://www.planview.com/products-solutions/products/hub/integrations/servicenow/,third-party brand (partner or integration reference)
primeinfoserv.com,primeinfoserv.com,nav_footer,nav,Clients,https://primeinfoserv.com/clients/,"site section, not an offering"
prismforce.com,prismforce.com,nav_footer,industry,Professional Services,https://prismforce.com/industry/professional-services,industry or vertical
privacypillar.com,privacypillar.com,nav_header,nav,Automotive,https://privacypillar.com/automotive-data-privacy/,industry or vertical
privacypillar.com,privacypillar.com,nav_footer,nav,Cookie Consent Management,https://privacypillar.com/cookie-consent-management/,"pricing, legal or admin"
privacypillar.com,privacypillar.com,nav_header,nav,Cookie Scanner & Site Audit,https://privacypillar.com/free-cookie-scanner/,"pricing, legal or admin"
privacypillar.com,privacypillar.com,nav_footer,nav,Help Center,https://support.privacypillar.com/help-center,"site section, not an offering"
privacypillar.com,privacypillar.com,nav_footer,product,Privacy Policy Generator,https://primeconsent.com/products/privacy-policy-generator/home,"pricing, legal or admin"
privybyidfy.com,privybyidfy.com,nav_footer,product,Cookie Manager,https://www.privybyidfy.com/products/cookie-manager,"pricing, legal or admin"
privyone.com,privyone.com,nav_footer,product,Cookie Manager,https://www.privybyidfy.com/products/cookie-manager,"pricing, legal or admin"
procol.ai,procol.ai,nav_footer,nav,Case Study,https://www.procol.ai/case-study/,"site section, not an offering"
procol.ai,procol.ai,nav_footer,nav,Construction,https://www.procol.ai/construction-procurement-software/,industry or vertical
procol.ai,procol.ai,nav_footer,nav,E-book & Reports,https://www.procol.ai/e-book/,"event, report or content"
procol.ai,procol.ai,nav_footer,nav,Manufacturing,https://www.procol.ai/manufacturing-procurement-software/,industry or vertical
procol.ai,procol.ai,nav_header,nav,Podcast Actionable insights from top procurement leaders,https://www.procol.ai/podcast/,"event, report or content"
procol.ai,procol.ai,nav_footer,nav,Responsible Disclosure,https://www.procol.ai/responsible-disclosure/,"site section, not an offering"
progressive.com,progressive.com,nav_header,nav,Español,https://www.progressive.com/es/,language switcher
progressive.com,progressive.com,nav_header,nav,Finance,https://www.progressive.com/finance/,industry or vertical
progressive.com,progressive.com,nav_header,nav,Travel,https://www.progressive.com/travel-insurance/,industry or vertical
pronteff.com,pronteff.com,nav_header,nav,"August 13, 2026",https://pronteff.com/2026/08/13/,date or release cycle
pronteff.com,pronteff.com,nav_header,nav,"August 17, 2026",https://pronteff.com/2026/08/17/,date or release cycle
pronteff.com,pronteff.com,nav_header,nav,"August 20, 2026",https://pronteff.com/2026/08/20/,date or release cycle
pronteff.com,pronteff.com,nav_header,nav,"August 24, 2026",https://pronteff.com/2026/08/24/,date or release cycle
pronteff.com,pronteff.com,nav_header,nav,"August 27, 2026",https://pronteff.com/2026/08/27/,date or release cycle
pronteff.com,pronteff.com,nav_header,nav,"August 31, 2026",https://pronteff.com/2026/08/31/,date or release cycle
proofpoint.com,proofpoint.com,nav_header,nav,Deutsch,https://www.proofpoint.com/de,language switcher
proofpoint.com,proofpoint.com,nav_header,nav,Español,https://www.proofpoint.com/es,language switcher
proofpoint.com,proofpoint.com,nav_header,nav,Français,https://www.proofpoint.com/fr,language switcher
proofpoint.com,proofpoint.com,nav_header,nav,Italiano,https://www.proofpoint.com/it,language switcher
proofpoint.com,proofpoint.com,sitemap,offering,Pfpt Sa 2020 0002,https://www.proofpoint.com/us/security/security-advisories/pfpt-sa-2020-0002,date or release cycle
proofpoint.com,proofpoint.com,sitemap,offering,Pfpt Sa 2020 0003,https://www.proofpoint.com/us/security/security-advisories/pfpt-sa-2020-0003,date or release cycle
proofpoint.com,proofpoint.com,sitemap,offering,Pfpt Sa 2021 0002,https://www.proofpoint.com/us/security/security-advisories/pfpt-sa-2021-0002,date or release cycle
proofpoint.com,proofpoint.com,sitemap,offering,Pfpt Sa 2021 0003,https://www.proofpoint.com/us/security/security-advisories/pfpt-sa-2021-0003,date or release cycle
proofpoint.com,proofpoint.com,sitemap,offering,Pfpt Sa 2021 0004,https://www.proofpoint.com/us/security/security-advisories/pfpt-sa-2021-0004,date or release cycle
proofpoint.com,proofpoint.com,sitemap,offering,Pfpt Sa 2021 0005,https://www.proofpoint.com/us/security/security-advisories/pfpt-sa-2021-0005,date or release cycle
proofpoint.com,proofpoint.com,sitemap,offering,Pfpt Sa 2021 0006,https://www.proofpoint.com/us/security/security-advisories/pfpt-sa-2021-0006,date or release cycle
proofpoint.com,proofpoint.com,sitemap,offering,Pfpt Sa 2021 0007,https://www.proofpoint.com/us/security/security-advisories/pfpt-sa-2021-0007,date or release cycle
proofpoint.com,proofpoint.com,sitemap,offering,Pfpt Sa 2021 0008,https://www.proofpoint.com/us/security/security-advisories/pfpt-sa-2021-0008,date or release cycle
proofpoint.com,proofpoint.com,sitemap,offering,Pfpt Sa 2021 0009,https://www.proofpoint.com/us/security/security-advisories/pfpt-sa-2021-0009,date or release cycle
proofpoint.com,proofpoint.com,sitemap,offering,Pfpt Sa 2021 0010,https://www.proofpoint.com/us/security/security-advisories/pfpt-sa-2021-0010,date or release cycle
proofpoint.com,proofpoint.com,sitemap,offering,Pfpt Sa 2021 0011,https://www.proofpoint.com/us/security/security-advisories/pfpt-sa-2021-0011,date or release cycle
proofpoint.com,proofpoint.com,sitemap,offering,Pfpt Sa 2021 0012,https://www.proofpoint.com/us/security/security-advisories/pfpt-sa-2021-0012,date or release cycle
proofpoint.com,proofpoint.com,sitemap,offering,Pfpt Sa 2022 0001,https://www.proofpoint.com/us/security/security-advisories/pfpt-sa-2022-0001,date or release cycle
proofpoint.com,proofpoint.com,sitemap,offering,Pfpt Sa 2022 0002,https://www.proofpoint.com/us/security/security-advisories/pfpt-sa-2022-0002,date or release cycle
proofpoint.com,proofpoint.com,sitemap,offering,Pfpt Sa 2022 0003,https://www.proofpoint.com/us/security/security-advisories/pfpt-sa-2022-0003,date or release cycle
proofpoint.com,proofpoint.com,sitemap,offering,Pfpt Sa 2022 0004,https://www.proofpoint.com/us/security/security-advisories/pfpt-sa-2022-0004,date or release cycle
proofpoint.com,proofpoint.com,sitemap,offering,Pfpt Sa 2023 0001,https://www.proofpoint.com/us/security/security-advisories/pfpt-sa-2023-0001,date or release cycle
proofpoint.com,proofpoint.com,sitemap,offering,Pfpt Sa 2023 0002,https://www.proofpoint.com/us/security/security-advisories/pfpt-sa-2023-0002,date or release cycle
proofpoint.com,proofpoint.com,sitemap,offering,Pfpt Sa 2023 0003,https://www.proofpoint.com/us/security/security-advisories/pfpt-sa-2023-0003,date or release cycle
proofpoint.com,proofpoint.com,sitemap,offering,Pfpt Sa 2023 0004,https://www.proofpoint.com/us/security/security-advisories/pfpt-sa-2023-0004,date or release cycle
proofpoint.com,proofpoint.com,sitemap,offering,Pfpt Sa 2023 0006,https://www.proofpoint.com/us/security/security-advisories/pfpt-sa-2023-0006,date or release cycle
proofpoint.com,proofpoint.com,sitemap,offering,Pfpt Sa 2023 0007,https://www.proofpoint.com/us/security/security-advisories/pfpt-sa-2023-0007,date or release cycle
proofpoint.com,proofpoint.com,sitemap,offering,Pfpt Sa 2023 0008,https://www.proofpoint.com/us/security/security-advisories/pfpt-sa-2023-0008,date or release cycle
proofpoint.com,proofpoint.com,sitemap,offering,Pfpt Sa 2023 0009,https://www.proofpoint.com/us/security/security-advisories/pfpt-sa-2023-0009,date or release cycle
proofpoint.com,proofpoint.com,sitemap,offering,Pfpt Sa 2023 0010,https://www.proofpoint.com/us/security/security-advisories/pfpt-sa-2023-0010,date or release cycle
proofpoint.com,proofpoint.com,sitemap,offering,Pfpt Sa 2023 005,https://www.proofpoint.com/us/security/security-advisories/pfpt-sa-2023-005,date or release cycle
proofpoint.com,proofpoint.com,sitemap,offering,Pfpt Sa 2024 0001,https://www.proofpoint.com/us/security/security-advisories/pfpt-sa-2024-0001,date or release cycle
proofpoint.com,proofpoint.com,sitemap,offering,Pfpt Sa 2025 0001,https://www.proofpoint.com/us/security/security-advisories/pfpt-sa-2025-0001,date or release cycle
proofpoint.com,proofpoint.com,sitemap,offering,Pfpt Sa 2025 0002,https://www.proofpoint.com/us/security/security-advisories/pfpt-sa-2025-0002,date or release cycle
proofpoint.com,proofpoint.com,nav_footer,platform,Platform Overview,https://www.proofpoint.com/us/platform,"site section, not an offering"
proofpoint.com,proofpoint.com,sitemap,solution,Brand Fraud Infographic,https://www.proofpoint.com/us/solutions/digital-risk/brand-fraud-infographic,"event, report or content"
proofpoint.com,proofpoint.com,sitemap,solution,Federal,https://www.proofpoint.com/us/solutions/federal,industry or vertical
prophaze.com,prophaze.com,nav_footer,solution,Public Sector,https://www.prophaze.com/solutions/public-sector-security/%20,industry or vertical
prospecta.com,prospecta.com,nav_footer,nav,Help Centre,https://helpcentre.prospecta.com/,"site section, not an offering"
prospecta.com,prospecta.com,nav_footer,nav,Life at Prospecta,https://www.prospecta.com/life-at-prospecta,"people, careers or company"
prospecta.com,prospecta.com,nav_footer,nav,Process,https://www.prospecta.com/process-industry,"site section, not an offering"
prospecta.com,prospecta.com,sitemap,use_case,Use Case in Manufacturing Pricing Trade Management,https://www.prospecta.com/use-cases/use-case-in-manufacturing-pricing-trade-management,"pricing, legal or admin"
protechmanize.com,protechmanize.com,nav_footer,nav,Insights,https://www.protechmanize.com/insights.html,"site section, not an offering"
protectai.com,protectai.com,nav_footer,nav,Investor Relations,https://investors.paloaltonetworks.com/,"people, careers or company"
protectai.com,protectai.com,nav_footer,nav,Terms of Use,https://protectai.com/legal-notices/terms-of-use,"pricing, legal or admin"
protiviti.com,protiviti.com,nav_footer,nav,Consumer Goods,https://www.protiviti.com/us-en/consumer-goods,industry or vertical
protiviti.com,protiviti.com,nav_footer,nav,Education,https://www.protiviti.com/us-en/education,industry or vertical
protiviti.com,protiviti.com,nav_footer,nav,Government,https://www.protiviti.com/us-en/government,industry or vertical
protiviti.com,protiviti.com,nav_footer,nav,Healthcare,https://www.protiviti.com/us-en/healthcare,industry or vertical
protiviti.com,protiviti.com,nav_footer,nav,Insurance,https://www.protiviti.com/us-en/insurance,industry or vertical
protiviti.com,protiviti.com,nav_footer,nav,Life at Protiviti,https://www.protiviti.com/us-en/life-at-protiviti,"people, careers or company"
protiviti.com,protiviti.com,nav_footer,nav,Locations,https://www.protiviti.com/us-en/location,"site section, not an offering"
protiviti.com,protiviti.com,nav_footer,nav,Newsletter,https://www.protiviti.com/us-en/newsletter,"event, report or content"
protiviti.com,protiviti.com,nav_footer,nav,Nonprofit,https://www.protiviti.com/us-en/non-profit,industry or vertical
protiviti.com,protiviti.com,nav_footer,nav,Podcast,https://www.protiviti.com/us-en/podcast,"event, report or content"
protiviti.com,protiviti.com,nav_footer,nav,Private Equity,https://www.protiviti.com/us-en/private-equity,industry or vertical
protiviti.com,protiviti.com,nav_footer,nav,Protiviti Careers Blog,https://protiviticareer.com/,"event, report or content"
protiviti.com,protiviti.com,nav_footer,nav,Retail,https://www.protiviti.com/us-en/retail,industry or vertical
protiviti.com,protiviti.com,nav_footer,nav,Sustainability,https://www.protiviti.com/us-en/sustainability-consulting,"site section, not an offering"
protiviti.com,protiviti.com,nav_footer,nav,Synchronize 2026 Global Finance Trends Survey,https://www.protiviti.com/us-en/survey/global-finance-trends-survey,date or release cycle
publicissapient.com,publicissapient.com,nav_footer,industry,Financial Services,https://www.publicissapient.com/industries/financial-services,industry or vertical
publicissapient.com,publicissapient.com,nav_footer,industry,Health,https://www.publicissapient.com/industries/health,"site section, not an offering"
publicissapient.com,publicissapient.com,nav_footer,industry,Public Sector,https://www.publicissapient.com/industries/public-sector,industry or vertical
publicissapient.com,publicissapient.com,nav_footer,industry,Retail,https://www.publicissapient.com/industries/retail,industry or vertical
publicissapient.com,publicissapient.com,nav_footer,industry,Travel & Hospitality,https://www.publicissapient.com/industries/travel-hospitality,industry or vertical
publicissapient.com,publicissapient.com,nav_footer,nav,Careers Overview,https://careers.publicissapient.com/,"people, careers or company"
publicissapient.com,publicissapient.com,nav_footer,nav,Locations,https://www.publicissapient.com/company/locations,"site section, not an offering"
pwc.in,pwc.in,nav_header,industry,Aerospace and Defence,https://www.pwc.in/industries/aerospace-and-defence.html,industry or vertical
pwc.in,pwc.in,nav_header,industry,Automotive,https://www.pwc.in/industries/automotive.html,industry or vertical
pwc.in,pwc.in,nav_header,industry,Chemicals,https://www.pwc.in/industries/chemicals.html,industry or vertical
pwc.in,pwc.in,nav_header,industry,Education,https://www.pwc.in/industries/education.html,industry or vertical
pwc.in,pwc.in,nav_header,industry,Financial Services,https://www.pwc.in/industries/financial-services.html,industry or vertical
pwc.in,pwc.in,nav_header,industry,Healthcare,https://www.pwc.in/industries/healthcare.html,industry or vertical
pwc.in,pwc.in,nav_header,industry,Insurance,https://www.pwc.in/industries/financial-services/insurance.html,industry or vertical
pwc.in,pwc.in,nav_header,industry,Private Equity,https://www.pwc.in/industries/private-equity.html,industry or vertical
pwc.in,pwc.in,nav_header,nav,Consulting,https://www.pwc.in/consulting.html,"site section, not an offering"
pwc.in,pwc.in,nav_header,nav,Future Unplugged - Podcast series,https://www.pwc.in/future-unplugged.html,"event, report or content"
pwc.in,pwc.in,nav_header,nav,Global Annual Review 2025,https://www.pwc.in/about-us/global-annual-review-2025.html,date or release cycle
pwc.in,pwc.in,nav_header,nav,Inclusion and Diversity,https://www.pwc.in/about-us/building-on-a-culture-of-belonging.html,"people, careers or company"
pwc.in,pwc.in,nav_footer,nav,Legal,https://www.pwc.com/gx/en/legal-notices/legal-disclaimer.html,industry or vertical
pwc.in,pwc.in,nav_header,nav,Union Budget 2026,https://www.pwc.in/budget/union-budget-2026.html,date or release cycle
pwc.in,pwc.in,nav_header,service,Capital Markets,https://www.pwc.in/services/capital-markets.html,industry or vertical
pwc.in,pwc.in,nav_header,service,Startups,https://www.pwc.in/services/startups.html,industry or vertical
quest.com,quest.com,sitemap,solution,Oracle,https://www.quest.com/solutions/oracle/,third-party brand (partner or integration reference)
quest.com,quest.com,sitemap,solution,Snowflake,https://www.quest.com/solutions/ai-ready-data-platforms/snowflake.aspx,third-party brand (partner or integration reference)
radware.com,radware.com,sitemap,offering,2024 Eurovision Song Contest in Malmo,https://www.radware.com/security/threat-advisories-and-attack-reports/2024-eurovision-song-contest-in-malmo/,date or release cycle
radware.com,radware.com,sitemap,offering,Cyber Ransom Spring 2017,https://www.radware.com/security/ddos-threats-attacks/cyber-ransom-spring-2017/,date or release cycle
radware.com,radware.com,sitemap,offering,Elevated Risk Surrounding October 7,https://www.radware.com/security/threat-advisories-and-attack-reports/elevated-risk-surrounding-october-7/,date or release cycle
radware.com,radware.com,sitemap,offering,Euro 2024 Cybersecurity Threats,https://www.radware.com/security/threat-advisories-and-attack-reports/euro-2024-cybersecurity-threats/,date or release cycle
radware.com,radware.com,sitemap,offering,Hacktivism Unveiled April 2023,https://www.radware.com/security/threat-advisories-and-attack-reports/hacktivism-unveiled-april-2023/,date or release cycle
radware.com,radware.com,sitemap,offering,October 7 Post Threat Analysis,https://www.radware.com/security/threat-advisories-and-attack-reports/october-7-post-threat-analysis/,date or release cycle
radware.com,radware.com,sitemap,offering,Opisrael 2024,https://www.radware.com/security/threat-advisories-and-attack-reports/opisrael-2024/,date or release cycle
radware.com,radware.com,sitemap,offering,Paris 2024 the Olympic Stage for Hacktivists,https://www.radware.com/security/threat-advisories-and-attack-reports/paris-2024-the-olympic-stage-for-hacktivists/,date or release cycle
radware.com,radware.com,sitemap,offering,Ransom Denial of Service Rdos 2022,https://www.radware.com/security/threat-advisories-and-attack-reports/ransom-denial-of-service-rdos-2022/,date or release cycle
radware.com,radware.com,sitemap,solution,Ecommerce,https://www.radware.com/solutions/ecommerce/,industry or vertical
radware.com,radware.com,sitemap,solution,Education,https://www.radware.com/solutions/education/,industry or vertical
radware.com,radware.com,sitemap,solution,Gaming,https://www.radware.com/solutions/gaming/,industry or vertical
radware.com,radware.com,sitemap,solution,Government,https://www.radware.com/solutions/government/,industry or vertical
radware.com,radware.com,sitemap,solution,Healthcare,https://www.radware.com/solutions/healthcare/,industry or vertical
rahinfotech.com,rahinfotech.com,nav_footer,nav,Events & Webinars,https://rahinfotech.com/events-webinars/,"site section, not an offering"
rahinfotech.com,rahinfotech.com,nav_footer,nav,Life at RAH,https://rahinfotech.com/life-at-rah/,"people, careers or company"
rahinfotech.com,rahinfotech.com,nav_footer,nav,support@rahinfotech.com,http://support@rahinfotech.com,obfuscated email address
rahinfotech.com,rahinfotech.com,sitemap,product,October Us,https://rahinfotech.com/product/october-us/,date or release cycle
rapid7.com,rapid7.com,nav_footer,nav,Cookie List,https://www.rapid7.com/cookie-list/,"pricing, legal or admin"
rapid7.com,rapid7.com,nav_header,nav,Culture,https://careers.rapid7.com/culture,"people, careers or company"
rapid7.com,rapid7.com,nav_header,nav,Customer Support,https://www.rapid7.com/for-customers/,"site section, not an offering"
rapid7.com,rapid7.com,nav_header,nav,English,https://www.rapid7.com/,language switcher
rapid7.com,rapid7.com,nav_header,nav,German,https://www.rapid7.com/de/,language switcher
rapid7.com,rapid7.com,nav_header,nav,Japanese,https://www.rapid7.com/ja/,language switcher
rapid7.com,rapid7.com,nav_footer,nav,Product Documentation,https://docs.rapid7.com/,"site section, not an offering"
rapid7.com,rapid7.com,nav_footer,nav,Trust,https://www.rapid7.com/trust/,"site section, not an offering"
rapid7.com,rapid7.com,sitemap,product,Trial,https://www.rapid7.com/products/command/attack-surface-management-asm/trial/,"site section, not an offering"
rapid7.com,rapid7.com,sitemap,service,Enterprise,https://www.rapid7.com/services/managed-detection-and-response-mdr/enterprise/,industry or vertical
rapid7.com,rapid7.com,sitemap,service,Microsoft,https://www.rapid7.com/services/managed-detection-and-response-mdr/microsoft/,third-party brand (partner or integration reference)
rapid7.com,rapid7.com,sitemap,solution,Education,https://www.rapid7.com/solutions/industry/education/,industry or vertical
rapid7.com,rapid7.com,sitemap,solution,Energy,https://www.rapid7.com/solutions/industry/energy/,industry or vertical
rapid7.com,rapid7.com,sitemap,solution,Financial Services,https://www.rapid7.com/solutions/industry/financial-services/,industry or vertical
rapid7.com,rapid7.com,sitemap,solution,Government,https://www.rapid7.com/solutions/industry/government/,industry or vertical
rapid7.com,rapid7.com,sitemap,solution,Healthcare,https://www.rapid7.com/solutions/industry/healthcare/,industry or vertical
rapid7.com,rapid7.com,sitemap,solution,Industry,https://www.rapid7.com/solutions/industry/,"site section, not an offering"
rapid7.com,rapid7.com,sitemap,solution,Retail,https://www.rapid7.com/solutions/industry/retail/,industry or vertical
rapyder.com,rapyder.com,nav_footer,industry,Gaming,https://www.rapyder.com/industry/gaming/,industry or vertical
rapyder.com,rapyder.com,nav_footer,industry,Healthcare,https://www.rapyder.com/industry/healthcare/,industry or vertical
rapyder.com,rapyder.com,nav_footer,industry,Manufacturing,https://www.rapyder.com/industry/manufacturing/,industry or vertical
rapyder.com,rapyder.com,nav_footer,industry,Media & Entertainment,https://www.rapyder.com/industry/media-entertainment/,industry or vertical
rapyder.com,rapyder.com,nav_footer,nav,Alliances,https://rapyder.com/our-partners/,"site section, not an offering"
rapyder.com,rapyder.com,nav_footer,nav,Culture Code,https://rapyder.com/our-culture/,"people, careers or company"
rapyder.com,rapyder.com,nav_footer,nav,Life at Rapyder,https://rapyder.com/life-at-rapyder/,"people, careers or company"
recordedfuture.com,recordedfuture.com,sitemap,industry,Healthcare,https://www.recordedfuture.com/industry/healthcare,industry or vertical
recordedfuture.com,recordedfuture.com,sitemap,industry,Public Sector,https://www.recordedfuture.com/industry/public-sector,industry or vertical
recordedfuture.com,recordedfuture.com,sitemap,industry,Retail,https://www.recordedfuture.com/industry/retail,industry or vertical
redhat.com,redhat.com,sitemap,product,Trial,https://www.redhat.com/en/products/advanced-developer-suite/trial,"site section, not an offering"
redhat.com,redhat.com,nav_header,solution,Automotive,https://www.redhat.com/en/solutions/automotive,industry or vertical
redhat.com,redhat.com,sitemap,solution,Banking,https://www.redhat.com/en/solutions/financial-services/banking,industry or vertical
redhat.com,redhat.com,sitemap,solution,Brazil,https://www.redhat.com/en/solutions/public-sector/brazil,place or region
redhat.com,redhat.com,nav_header,solution,Financial services,https://www.redhat.com/en/solutions/financial-services,industry or vertical
redhat.com,redhat.com,sitemap,solution,France,https://www.redhat.com/en/solutions/public-sector/france,place or region
redhat.com,redhat.com,sitemap,solution,Germany,https://www.redhat.com/en/solutions/public-sector/germany,place or region
redhat.com,redhat.com,nav_header,solution,Healthcare,https://www.redhat.com/en/solutions/healthcare,industry or vertical
redhat.com,redhat.com,sitemap,solution,Italy,https://www.redhat.com/en/solutions/public-sector/italy,place or region
redhat.com,redhat.com,nav_header,solution,Media and entertainment,https://www.redhat.com/en/solutions/media-entertainment,industry or vertical
redhat.com,redhat.com,sitemap,solution,Sap,https://www.redhat.com/en/solutions/digital-transformation/sap,third-party brand (partner or integration reference)
redhat.com,redhat.com,sitemap,solution,Spain,https://www.redhat.com/en/solutions/public-sector/spain,place or region
redhat.com,redhat.com,nav_header,solution,Telecommunications,https://www.redhat.com/en/solutions/telecommunications,industry or vertical
redhat.com,redhat.com,sitemap,solution,United Kingdom,https://www.redhat.com/en/solutions/public-sector/united-kingdom,place or region
redis.io,redis.io,nav_footer,industry,Financial Services,https://redis.io/industries/financial-services/,industry or vertical
redis.io,redis.io,nav_footer,industry,Gaming,https://redis.io/industries/gaming/,industry or vertical
redis.io,redis.io,nav_footer,industry,Healthcare,https://redis.io/industries/healthcare/,industry or vertical
redis.io,redis.io,nav_footer,nav,Azure,https://redis.io/cloud-partners/azure/,third-party brand (partner or integration reference)
redis.io,redis.io,nav_footer,nav,Community,https://redis.io/community/,"site section, not an offering"
redis.io,redis.io,nav_header,nav,Downloads,https://redis.io/downloads/,"site section, not an offering"
redis.io,redis.io,nav_footer,nav,Trust,https://trust.redis.io/,"site section, not an offering"
redis.io,redis.io,sitemap,offering,Notice Apache Log4j2 Cve 2021 44228,https://redis.io/security/notice-apache-log4j2-cve-2021-44228/,CVE identifier
redis.io,redis.io,nav_footer,service,Professional Services,https://redis.io/services/professional-services/,industry or vertical
rsa.com,rsa.com,nav_header,nav,Deutsch,https://www.rsa.com/de/#TRPLINKPROCESSED,language switcher
rsa.com,rsa.com,nav_header,nav,English,https://www.rsa.com/#TRPLINKPROCESSED,language switcher
rsa.com,rsa.com,nav_header,nav,Español,https://www.rsa.com/es/#TRPLINKPROCESSED,language switcher
rsa.com,rsa.com,nav_header,nav,Français,https://www.rsa.com/fr/#TRPLINKPROCESSED,language switcher
rsa.com,rsa.com,nav_header,nav,Italiano,https://www.rsa.com/it/#TRPLINKPROCESSED,language switcher
rsa.com,rsa.com,nav_header,nav,Professional Services,https://www.rsa.com/professional-services/,industry or vertical
rsa.com,rsa.com,nav_footer,solution,Financial Services,https://www.rsa.com/solutions/financial-services/,industry or vertical
rsa.com,rsa.com,nav_footer,solution,Government,https://www.rsa.com/solutions/government/,industry or vertical
sailpoint.com,sailpoint.com,sitemap,product,Microsoft,https://www.sailpoint.com/products/connectivity-and-integrations/catalog/microsoft,third-party brand (partner or integration reference)
sailpoint.com,sailpoint.com,sitemap,product,Oracle,https://www.sailpoint.com/products/connectivity-and-integrations/catalog/oracle,third-party brand (partner or integration reference)
sailpoint.com,sailpoint.com,sitemap,product,Salesforce,https://www.sailpoint.com/products/connectivity-and-integrations/catalog/salesforce,third-party brand (partner or integration reference)
sailpoint.com,sailpoint.com,sitemap,product,Sap,https://www.sailpoint.com/products/connectivity-and-integrations/catalog/sap,third-party brand (partner or integration reference)
sailpoint.com,sailpoint.com,sitemap,product,Servicenow,https://www.sailpoint.com/products/connectivity-and-integrations/catalog/servicenow,third-party brand (partner or integration reference)
sailpoint.com,sailpoint.com,sitemap,product,Snowflake,https://www.sailpoint.com/products/connectivity-and-integrations/catalog/snowflake,third-party brand (partner or integration reference)
sailpoint.com,sailpoint.com,sitemap,product,Workday,https://www.sailpoint.com/products/connectivity-and-integrations/catalog/workday,third-party brand (partner or integration reference)
sailpoint.com,sailpoint.com,sitemap,solution,Federal,https://www.sailpoint.com/solutions/industries/government/federal,industry or vertical
sailpoint.com,sailpoint.com,nav_header,solution,Financial Services,https://www.sailpoint.com/solutions/industries/financial-services,industry or vertical
sailpoint.com,sailpoint.com,nav_header,solution,Government,https://www.sailpoint.com/solutions/industries/government,industry or vertical
sailpoint.com,sailpoint.com,nav_header,solution,Healthcare,https://www.sailpoint.com/solutions/industries/healthcare,industry or vertical
sailpoint.com,sailpoint.com,sitemap,solution,Higher Education,https://www.sailpoint.com/solutions/industries/higher-education,industry or vertical
sailpoint.com,sailpoint.com,nav_header,solution,Manufacturing,https://www.sailpoint.com/solutions/industries/manufacturing,industry or vertical
sailpoint.com,sailpoint.com,sitemap,solution,Public Sector,https://www.sailpoint.com/fr/solutions/industries/public-sector,industry or vertical
sailpoint.com,sailpoint.com,sitemap,solution,Retail,https://www.sailpoint.com/de/solutions/industries/retail,industry or vertical
sailpoint.com,sailpoint.com,nav_header,solution,Utilities,https://www.sailpoint.com/solutions/industries/utilities,industry or vertical
salesforce.com,salesforce.com,sitemap,product,Demos,https://www.salesforce.com/products/demos/,"site section, not an offering"
salesforce.com,salesforce.com,sitemap,product,Developer Prerelease Winter27,https://www.salesforce.com/products/free-trial/developer-prerelease-winter27/,date or release cycle
salesforce.com,salesforce.com,sitemap,product,Developer Prerelease Winter27 Partner,https://www.salesforce.com/products/free-trial/developer-prerelease-winter27-partner/,date or release cycle
salesforce.com,salesforce.com,sitemap,product,Enterprise Prerelease Winter27,https://www.salesforce.com/products/free-trial/enterprise-prerelease-winter27/,date or release cycle
salesforce.com,salesforce.com,sitemap,product,Enterprise Prerelease Winter27 Partner,https://www.salesforce.com/products/free-trial/enterprise-prerelease-winter27-partner/,date or release cycle
salesforce.com,salesforce.com,sitemap,product,Google,https://www.salesforce.com/products/integrations/google/,third-party brand (partner or integration reference)
salesforce.com,salesforce.com,sitemap,product,Jira,https://www.salesforce.com/products/integrations/jira/,third-party brand (partner or integration reference)
salesforce.com,salesforce.com,sitemap,product,Professional Prerelease Winter27,https://www.salesforce.com/products/free-trial/professional-prerelease-winter27/,date or release cycle
salesforce.com,salesforce.com,sitemap,product,Professional Prerelease Winter27 Partner,https://www.salesforce.com/products/free-trial/professional-prerelease-winter27-partner/,date or release cycle
salesforce.com,salesforce.com,sitemap,product,Slack,https://www.salesforce.com/products/integrations/slack/,third-party brand (partner or integration reference)
salesforce.com,salesforce.com,sitemap,product,Spring 25 Release,https://www.salesforce.com/products/innovation/spring-25-release/,date or release cycle
salesforce.com,salesforce.com,sitemap,product,Spring 26 Release,https://www.salesforce.com/products/innovation/spring-26-release/,date or release cycle
salesforce.com,salesforce.com,sitemap,product,Summer 21 Release,https://www.salesforce.com/products/innovation/summer-21-release/,date or release cycle
salesforce.com,salesforce.com,sitemap,product,Summer 21 Spotlight,https://www.salesforce.com/products/innovation/summer-21-spotlight/,date or release cycle
salesforce.com,salesforce.com,sitemap,product,Summer 22 Release,https://www.salesforce.com/products/innovation/summer-22-release/,date or release cycle
salesforce.com,salesforce.com,sitemap,product,Winter 22 Release,https://www.salesforce.com/products/innovation/winter-22-release/,date or release cycle
salesforce.com,salesforce.com,sitemap,product,Winter 22 Spotlight,https://www.salesforce.com/products/innovation/winter-22-spotlight/,date or release cycle
salesforce.com,salesforce.com,sitemap,product,Winter 24 Release Admin,https://www.salesforce.com/products/winter-24-release-admin/,date or release cycle
salesforce.com,salesforce.com,sitemap,product,Winter 24 Release Demos,https://www.salesforce.com/products/winter-24-release-demos/,date or release cycle
salesforce.com,salesforce.com,sitemap,product,Winter 24 Release Developer,https://www.salesforce.com/products/winter-24-release-developer/,date or release cycle
salesforce.com,salesforce.com,sitemap,product,Winter 24 Release IT,https://www.salesforce.com/products/winter-24-release-it/,date or release cycle
salesforce.com,salesforce.com,sitemap,product,Winter 25 Release,https://www.salesforce.com/products/innovation/winter-25-release/,date or release cycle
salesforce.com,salesforce.com,sitemap,product,Winter 25 Release AI Demos,https://www.salesforce.com/products/innovation/winter-25-release-ai-demos/,date or release cycle
salesforce.com,salesforce.com,sitemap,product,Winter 25 Release All Demos,https://www.salesforce.com/products/innovation/winter-25-release-all-demos/,date or release cycle
salesforce.com,salesforce.com,sitemap,product,Winter 26 Release,https://www.salesforce.com/products/innovation/winter-26-release/,date or release cycle
salesforce.com,salesforce.com,sitemap,use_case,Dynamic Pricing Strategy,https://www.salesforce.com/data/use-cases/manufacturing/dynamic-pricing-strategy/,"pricing, legal or admin"
salesforce.com,salesforce.com,sitemap,use_case,Marketing,https://www.salesforce.com/agentforce/use-cases/marketing/,"site section, not an offering"
saviynt.com,saviynt.com,nav_footer,nav,Community,https://saviynt.com/saviynt-community,"site section, not an offering"
saviynt.com,saviynt.com,nav_footer,nav,Events & Webinars,https://saviynt.com/events-and-webinar?hsLang=en,"site section, not an offering"
saviynt.com,saviynt.com,nav_footer,nav,Leadership Team,https://saviynt.com/leadership-team?hsLang=en,"people, careers or company"
saviynt.com,saviynt.com,nav_footer,nav,Press Releases,https://saviynt.com/press-release?hsLang=en,"site section, not an offering"
saviynt.com,saviynt.com,nav_header,nav,Pricing & Packages,https://saviynt.com/pricing-packages?hsLang=en,"pricing, legal or admin"
saviynt.com,saviynt.com,nav_footer,nav,SaviTalk Podcast,https://saviynt.com/savitalk,"event, report or content"
saviynt.com,saviynt.com,nav_footer,service,Customer Support,https://saviynt.com/services/customer-support,"site section, not an offering"
saviynt.com,saviynt.com,sitemap,solution,By Use Case,https://saviynt.com/solutions/by-use-case,"site section, not an offering"
saviynt.com,saviynt.com,nav_footer,solution,Energy,https://saviynt.com/solutions/industry/energy/,industry or vertical
saviynt.com,saviynt.com,sitemap,solution,Federal Government,https://saviynt.com/solutions/industry/federal-government/,industry or vertical
saviynt.com,saviynt.com,nav_footer,solution,Financial Services,https://saviynt.com/solutions/industry/financial-services,industry or vertical
saviynt.com,saviynt.com,nav_footer,solution,Healthcare,https://saviynt.com/solutions/industry/healthcare,industry or vertical
saviynt.com,saviynt.com,nav_footer,solution,Higher Education,https://saviynt.com/solutions/industry/higher-education/,industry or vertical
saviynt.com,saviynt.com,sitemap,solution,Industry,https://saviynt.com/solutions/industry,"site section, not an offering"
saviynt.com,saviynt.com,sitemap,solution,Manufacturing,https://saviynt.com/ja/solutions/industry/manufacturing,industry or vertical
saviynt.com,saviynt.com,nav_footer,solution,Retail,https://saviynt.com/solutions/industry/retail,industry or vertical
saviynt.com,saviynt.com,sitemap,use_case,Sample Blog Post 1 0,https://saviynt.com/use-case/sample-blog-post-1-0,"event, report or content"
saviynt.com,saviynt.com,sitemap,use_case,Sample Blog Post 1 0 0,https://saviynt.com/use-case/sample-blog-post-1-0-0,"event, report or content"
saviynt.com,saviynt.com,sitemap,use_case,Sample Blog Post 1 0 1,https://saviynt.com/use-case/sample-blog-post-1-0-1,"event, report or content"
saviynt.com,saviynt.com,sitemap,use_case,Sample Blog Post 1 0 1 0,https://saviynt.com/use-case/sample-blog-post-1-0-1-0,"event, report or content"
scalefusion.com,scalefusion.com,nav_footer,nav,BFSI,https://scalefusion.com/emm-for-bfsi-banking-financial-services/,industry or vertical
scalefusion.com,scalefusion.com,nav_footer,nav,Education,https://scalefusion.com/mdm-solution-for-education/,industry or vertical
scalefusion.com,scalefusion.com,nav_footer,nav,Healthcare,https://scalefusion.com/mdm-solution-for-healthcare/,industry or vertical
scalefusion.com,scalefusion.com,nav_footer,nav,Retail,https://scalefusion.com/mdm-solution-for-retail-and-e-commerce/,industry or vertical
scalefusion.com,scalefusion.com,nav_footer,nav,Scalefusion Blog,https://blog.scalefusion.com/,"event, report or content"
scrutex.ai,scrutex.ai,nav_footer,nav,Refund Policy,https://scrutex.ai/refund,"pricing, legal or admin"
scrutex.ai,scrutex.ai,nav_footer,platform,Platform overview,https://scrutex.ai/platform,"site section, not an offering"
scrutex.ai,scrutex.ai,sitemap,solution,By Industry,https://scrutex.ai/solutions/by-industry,"site section, not an offering"
scrutex.ai,scrutex.ai,sitemap,solution,By Use Case,https://scrutex.ai/solutions/by-use-case,"site section, not an offering"
scrutex.ai,scrutex.ai,sitemap,solution,Financial Services,https://scrutex.ai/solutions/by-industry/financial-services,industry or vertical
scrutex.ai,scrutex.ai,sitemap,solution,Government,https://scrutex.ai/solutions/by-industry/government,industry or vertical
scrutex.ai,scrutex.ai,sitemap,solution,Manufacturing,https://scrutex.ai/solutions/by-industry/manufacturing,industry or vertical
sdgc.com,sdgc.com,sitemap,industry,Financial Services,https://sdgc.com/industry/financial-services/,industry or vertical
sdgc.com,sdgc.com,sitemap,industry,Healthcare,https://sdgc.com/industry/healthcare/,industry or vertical
sdgc.com,sdgc.com,sitemap,industry,Hospitality,https://sdgc.com/industry/hospitality/,industry or vertical
sdgc.com,sdgc.com,sitemap,industry,Manufacturing,https://sdgc.com/industry/manufacturing/,industry or vertical
sdgc.com,sdgc.com,sitemap,industry,Transportation,https://sdgc.com/industry/transportation/,industry or vertical
seagate.com,seagate.com,sitemap,product,Datasheet,https://www.seagate.com/products/datasheet/,"event, report or content"
seagate.com,seagate.com,sitemap,product,Health,https://www.seagate.com/products/nas-drives/ironwolf-hard-drive/health/,"site section, not an offering"
seagate.com,seagate.com,sitemap,product,Sustainability,https://www.seagate.com/products/hyperscale-and-cloud/sustainability/,"site section, not an offering"
seceon.com,seceon.com,nav_footer,nav,Awards,https://seceon.com/awards,"site section, not an offering"
seceon.com,seceon.com,nav_footer,nav,Case Study,https://www.seceon.com/casestudy/,"site section, not an offering"
seceon.com,seceon.com,nav_footer,nav,Education,https://seceon.com/education-sector,industry or vertical
seceon.com,seceon.com,nav_footer,nav,Government,https://seceon.com/government-sector,industry or vertical
seceon.com,seceon.com,nav_footer,nav,Healthcare,https://seceon.com/healthcare-sector,industry or vertical
seceon.com,seceon.com,nav_footer,nav,Manufacturing,https://seceon.com/manufacturing-sector,industry or vertical
seceon.com,seceon.com,nav_footer,nav,Pharmaceutical,https://seceon.com/pharma-sector,industry or vertical
seceon.com,seceon.com,nav_footer,nav,Press Releases,https://www.seceon.com/press-releases/,"site section, not an offering"
seceon.com,seceon.com,nav_footer,nav,Retail,https://seceon.com/retail-sector,industry or vertical
seceon.com,seceon.com,nav_footer,nav,Telecom,https://seceon.com/telecom-sector/,industry or vertical
seceon.com,seceon.com,nav_footer,nav,Utilities,https://seceon.com/utilities-sector,industry or vertical
sechard.com,sechard.com,nav_header,nav,Technical Support,https://sechard.atlassian.net/wiki/spaces/EN/overview,"site section, not an offering"
sechard.com,sechard.com,nav_footer,nav,[email protected],https://sechard.com/cdn-cgi/l/email-protection#1b72757d745b687e78737a697f35787476,obfuscated email address
secpod.com,secpod.com,nav_footer,nav,All Resources,https://www.secpod.com/learn,"site section, not an offering"
secpod.com,secpod.com,nav_footer,nav,Community,https://community.secpod.com/,"site section, not an offering"
secpod.com,secpod.com,nav_footer,nav,Events & Webinars,https://www.secpod.com/events-and-webinars,"site section, not an offering"
sectona.com,sectona.com,nav_footer,nav,Help Center,https://help.sectona.com/,"site section, not an offering"
sectona.com,sectona.com,nav_footer,solution,Banking,https://sectona.com/solutions/by-industry/banking/,industry or vertical
sectona.com,sectona.com,sitemap,solution,By Industry,https://sectona.com/solutions/by-industry/,"site section, not an offering"
sectona.com,sectona.com,sitemap,solution,By Use Case,https://sectona.com/solutions/by-use-case/,"site section, not an offering"
sectona.com,sectona.com,nav_footer,solution,Education,https://sectona.com/solutions/by-industry/education/,industry or vertical
sectona.com,sectona.com,nav_footer,solution,Government,https://sectona.com/solutions/by-industry/government/,industry or vertical
sectona.com,sectona.com,nav_footer,solution,Healthcare,https://sectona.com/solutions/by-industry/healthcare/,industry or vertical
sectona.com,sectona.com,nav_footer,solution,Manufacturing,https://sectona.com/solutions/by-industry/manufacturing/,industry or vertical
sectona.com,sectona.com,sitemap,technology,Blog Privileged Session Recording,https://sectona.com/blogs/technology/blog-privileged-session-recording/,"event, report or content"
sectona.com,sectona.com,sitemap,technology,Blog What Is PAM,https://sectona.com/blogs/technology/blog-what-is-pam/,"event, report or content"
sectona.com,sectona.com,sitemap,technology,Cybersecurity Trends Happenings 2024,https://sectona.com/blogs/technology/cybersecurity-trends-happenings-2024/,date or release cycle
sectona.com,sectona.com,sitemap,technology,Cybersecurity Trends for 2026,https://sectona.com/blogs/technology/cybersecurity-trends-for-2026/,date or release cycle
sectona.com,sectona.com,sitemap,technology,Data Breaches 2025 Lessons,https://sectona.com/blogs/technology/data-breaches-2025-lessons/,date or release cycle
sectona.com,sectona.com,sitemap,technology,Data Privacy Week 2025,https://sectona.com/blogs/technology/data-privacy-week-2025/,date or release cycle
sectona.com,sectona.com,sitemap,technology,Data Privacy Week 2026,https://sectona.com/blogs/technology/data-privacy-week-2026/,date or release cycle
sectona.com,sectona.com,sitemap,technology,Identity Management Day 2026,https://sectona.com/blogs/technology/identity-management-day-2026/,date or release cycle
sectona.com,sectona.com,sitemap,technology,Kuppingercole Leadership Compass 2026,https://sectona.com/blogs/technology/kuppingercole-leadership-compass-2026/,date or release cycle
sectona.com,sectona.com,sitemap,technology,PAM Lessons Learned in 2025,https://sectona.com/blogs/technology/pam-lessons-learned-in-2025/,date or release cycle
sectona.com,sectona.com,sitemap,technology,Top 7 Challenges of Cisos in 2022,https://sectona.com/blogs/technology/top-7-challenges-of-cisos-in-2022/,date or release cycle
sectona.com,sectona.com,sitemap,technology,Top Cyber Attacks of 2022,https://sectona.com/blogs/technology/top-cyber-attacks-of-2022/,date or release cycle
securden.com,securden.com,nav_footer,nav,EULA,https://www.securden.com/end-user-license-agreement.html,"pricing, legal or admin"
securiti.ai,securiti.ai,sitemap,product,Cookie Consent,https://securiti.ai/products/cookie-consent/,"pricing, legal or admin"
securiti.ai,securiti.ai,sitemap,product,Privacy Policy Management,https://securiti.ai/products/privacy-policy-management/,"pricing, legal or admin"
securiti.ai,securiti.ai,sitemap,solution,Australian Capital Territory Information Privacy Act 2014,https://securiti.ai/solutions/australian-capital-territory-information-privacy-act-2014/,date or release cycle
securiti.ai,securiti.ai,sitemap,solution,Northern Territory Information Act 2002,https://securiti.ai/solutions/northern-territory-information-act-2002/,date or release cycle
securiti.ai,securiti.ai,sitemap,solution,Queensland Information Privacy Act 2009,https://securiti.ai/solutions/queensland-information-privacy-act-2009/,date or release cycle
securiti.ai,securiti.ai,sitemap,solution,Victoria Privacy and Data Protection Act 2014,https://securiti.ai/solutions/victoria-privacy-and-data-protection-act-2014/,date or release cycle
securityscorecard.com,securityscorecard.com,nav_footer,nav,Cookie Preferences,https://securityscorecard.com/cookies,"pricing, legal or admin"
securityscorecard.com,securityscorecard.com,nav_footer,nav,Culture,https://securityscorecard.com/company/culture,"people, careers or company"
securityscorecard.com,securityscorecard.com,nav_footer,nav,Help Center,https://support.securityscorecard.com/hc/en-us,"site section, not an offering"
securityscorecard.com,securityscorecard.com,nav_footer,solution,Financial Services,https://securityscorecard.com/solutions/industry/financial-services/,industry or vertical
securityscorecard.com,securityscorecard.com,nav_footer,solution,Healthcare,https://securityscorecard.com/solutions/industry/healthcare/,industry or vertical
securityscorecard.com,securityscorecard.com,nav_footer,solution,Industrial,https://securityscorecard.com/solutions/industry/industrial/,industry or vertical
securityscorecard.com,securityscorecard.com,sitemap,solution,Industry,https://securityscorecard.com/solutions/industry/,"site section, not an offering"
securityscorecard.com,securityscorecard.com,nav_footer,solution,Public Sector,https://securityscorecard.com/solutions/industry/public-sector/,industry or vertical
securityscorecard.com,securityscorecard.com,nav_footer,solution,Retail,https://securityscorecard.com/solutions/industry/retail/,industry or vertical
securityscorecard.com,securityscorecard.com,nav_footer,solution,Telecommunications,https://securityscorecard.com/solutions/industry/telecommunications/,industry or vertical
securonix.com,securonix.com,nav_footer,nav,Awards,https://www.securonix.com/company/awards/,"site section, not an offering"
securonix.com,securonix.com,sitemap,product,Platform Overview,https://www.securonix.com/products/platform-overview/,"site section, not an offering"
securonix.com,securonix.com,nav_footer,service,Professional Services,https://www.securonix.com/services/professional-services/,industry or vertical
securonix.com,securonix.com,nav_footer,service,Support Services,https://www.securonix.com/services/support-services/,"site section, not an offering"
securonix.com,securonix.com,nav_header,solution,Energy and Utilities,https://www.securonix.com/solutions/industries/energy-utilities/,industry or vertical
securonix.com,securonix.com,nav_footer,solution,Financial Services,https://www.securonix.com/solutions/industries/financial-services/,industry or vertical
securonix.com,securonix.com,nav_footer,solution,Healthcare,https://www.securonix.com/solutions/industries/healthcare/,industry or vertical
semperis.com,semperis.com,nav_footer,nav,Awards,https://www.semperis.com/awards/,"site section, not an offering"
semperis.com,semperis.com,nav_header,nav,Deutsch,https://www.semperis.com/de/,language switcher
semperis.com,semperis.com,nav_header,nav,Español,https://www.semperis.com/es/,language switcher
semperis.com,semperis.com,nav_footer,nav,Find a Partner,https://www.semperis.com/find-a-partner/,"site section, not an offering"
semperis.com,semperis.com,nav_header,nav,Français,https://www.semperis.com/fr/,language switcher
semperis.com,semperis.com,nav_footer,nav,Hybrid Identity Protection Conference,https://www.hipconf.com/,"event, report or content"
semperis.com,semperis.com,nav_header,nav,Italiano,https://www.semperis.com/it/,language switcher
semperis.com,semperis.com,nav_footer,nav,Life at Semperis,https://www.semperis.com/life-at-semperis/,"people, careers or company"
semperis.com,semperis.com,nav_header,nav,Português,https://www.semperis.com/pt/,language switcher
semperis.com,semperis.com,nav_footer,nav,Press Releases,https://www.semperis.com/press-releases/,"site section, not an offering"
semperis.com,semperis.com,nav_header,nav,Tune in to our HIP Podcast,https://www.hipconf.com/podcast,"event, report or content"
semperis.com,semperis.com,nav_header,solution,Federal,https://www.semperis.com/solutions/federal/,industry or vertical
semperis.com,semperis.com,nav_footer,solution,Financial Services,https://www.semperis.com/solutions/financial-services/,industry or vertical
semperis.com,semperis.com,nav_footer,solution,Healthcare,https://www.semperis.com/solutions/healthcare/,industry or vertical
semperis.com,semperis.com,nav_footer,solution,Insurance,https://www.semperis.com/solutions/insurance/,industry or vertical
semperis.com,semperis.com,nav_footer,solution,Public Sector,https://www.semperis.com/solutions/public-sector/,industry or vertical
semperis.com,semperis.com,nav_footer,solution,Retail,https://www.semperis.com/solutions/retail/,industry or vertical
semperis.com,semperis.com,nav_footer,solution,Transportation,https://www.semperis.com/solutions/transportation/,industry or vertical
sentinelone.com,sentinelone.com,nav_footer,nav,Investor Relations,https://investors.sentinelone.com/overview/default.aspx,"people, careers or company"
sentinelone.com,sentinelone.com,nav_footer,nav,Pricing & Packages,https://www.sentinelone.com/platform-packages/,"pricing, legal or admin"
sentinelone.com,sentinelone.com,nav_footer,nav,Support Services,https://www.sentinelone.com/global-services/services-overview/,"site section, not an offering"
sentinelone.com,sentinelone.com,nav_footer,nav,Threat Hunting World Championship 2026,https://www.sentinelone.com/lp/threat-hunting-championship/,date or release cycle
silverfort.com,silverfort.com,nav_header,nav,Podcast: Identity Decoded,https://www.silverfort.com/identity-decoded-podcast/,"event, report or content"
singlestore.com,singlestore.com,nav_footer,nav,Brand,https://www.singlestore.com/brand/,"site section, not an offering"
singlestore.com,singlestore.com,nav_footer,nav,Responsible Disclosure,https://www.singlestore.com/responsible-disclosure/,"site section, not an offering"
singlestore.com,singlestore.com,nav_footer,service,Professional Services,https://www.singlestore.com/services/,industry or vertical
singlestore.com,singlestore.com,sitemap,solution,Energy,https://www.singlestore.com/solutions/energy/,industry or vertical
singlestore.com,singlestore.com,sitemap,solution,Financial Services,https://www.singlestore.com/solutions/financial-services/,industry or vertical
skyboxsecurity.com,skyboxsecurity.com,nav_header,nav,AWS,https://www.tufin.com/supported-devices-and-platforms/aws-security-policy,third-party brand (partner or integration reference)
skyboxsecurity.com,skyboxsecurity.com,nav_footer,nav,Board of Directors,https://www.tufin.com/board-of-directors,"people, careers or company"
skyboxsecurity.com,skyboxsecurity.com,nav_header,nav,Cisco,https://www.tufin.com/supported-devices-and-platforms/cisco-devices,third-party brand (partner or integration reference)
skyboxsecurity.com,skyboxsecurity.com,nav_footer,nav,Enterprise,https://www.tufin.com/tufin-orchestration-suite/enterprise,industry or vertical
skyboxsecurity.com,skyboxsecurity.com,nav_header,nav,Fortinet,https://www.tufin.com/supported-devices-and-platforms/fortinet-firewalls,third-party brand (partner or integration reference)
skyboxsecurity.com,skyboxsecurity.com,nav_footer,nav,Professional Services,https://www.tufin.com/professional-services,industry or vertical
skyboxsecurity.com,skyboxsecurity.com,nav_header,nav,Tufinnovate 2026,https://tufinnovate.tufin.com,date or release cycle
skyboxsecurity.com,skyboxsecurity.com,nav_header,nav,VMWare,https://www.tufin.com/supported-devices-and-platforms/vmware-nsx,third-party brand (partner or integration reference)
skyboxsecurity.com,skyboxsecurity.com,nav_header,nav,Zscaler,https://www.tufin.com/supported-devices-and-platforms/zscaler,third-party brand (partner or integration reference)
skyboxsecurity.com,skyboxsecurity.com,nav_header,solution,Education,https://www.tufin.com/solutions/education-industry,industry or vertical
skyboxsecurity.com,skyboxsecurity.com,nav_header,solution,Energy & Utilities,https://www.tufin.com/solutions/utilities-energy,industry or vertical
skyboxsecurity.com,skyboxsecurity.com,nav_header,solution,Financial Services,https://www.tufin.com/solutions/financial-services,industry or vertical
skyboxsecurity.com,skyboxsecurity.com,nav_header,solution,Government,https://www.tufin.com/solutions/federal,industry or vertical
skyboxsecurity.com,skyboxsecurity.com,nav_header,solution,Manufacturing,https://www.tufin.com/solutions/manufacturing,industry or vertical
skyboxsecurity.com,skyboxsecurity.com,nav_header,solution,Retail,https://www.tufin.com/solutions/retail-industry,industry or vertical
skyflow.com,skyflow.com,nav_footer,nav,ServiceNow,https://www.skyflow.com/post/servicenow-skyflow,third-party brand (partner or integration reference)
skyhighsecurity.com,skyhighsecurity.com,nav_footer,nav,2025 Cloud Adoption and Risk Report,https://www.skyhighsecurity.com/lp-2025-cloud-adoption-and-risk-report.html,date or release cycle
skyhighsecurity.com,skyhighsecurity.com,nav_footer,nav,Copyright ©2026 Musarubra US LLC,https://www.skyhighsecurity.com/,date or release cycle
skyhighsecurity.com,skyhighsecurity.com,nav_footer,nav,Gartner® Critical Capabilities,https://www.skyhighsecurity.com/lp/2026-gartner-critical-capabilities-for-security-service-edge.html,"event, report or content"
skyhighsecurity.com,skyhighsecurity.com,nav_footer,nav,Gartner® Magic Quadrant™ Report,https://www.skyhighsecurity.com/lp/gartner-magic-quadrant-for-security-service-edge-2026.html,"event, report or content"
skyhighsecurity.com,skyhighsecurity.com,nav_footer,solution,Financial Services,https://www.skyhighsecurity.com/solutions/financial-services.html,industry or vertical
skyhighsecurity.com,skyhighsecurity.com,nav_footer,solution,Public Sector,https://www.skyhighsecurity.com/solutions/public-sector.html,industry or vertical
sniperindia.com,sniperindia.com,sitemap,industry,Education,https://sniperindia.com/industries/Education,industry or vertical
sniperindia.com,sniperindia.com,sitemap,industry,Government,https://sniperindia.com/industries/government,industry or vertical
sniperindia.com,sniperindia.com,sitemap,industry,Media and Entertainment,https://sniperindia.com/industries/media-and-entertainment,industry or vertical
snowflake.com,snowflake.com,nav_header,nav,Deutsch,https://www.snowflake.com/de/,language switcher
snowflake.com,snowflake.com,nav_header,nav,English,https://www.snowflake.com/en/,language switcher
snowflake.com,snowflake.com,nav_header,nav,Español,https://www.snowflake.com/es/,language switcher
snowflake.com,snowflake.com,nav_header,nav,Français,https://www.snowflake.com/fr/,language switcher
snowflake.com,snowflake.com,nav_footer,nav,Investor Relations,https://investors.snowflake.com/overview/default.aspx,"people, careers or company"
snowflake.com,snowflake.com,nav_header,nav,Italiano,https://www.snowflake.com/it/,language switcher
snowflake.com,snowflake.com,nav_header,nav,Português,https://www.snowflake.com/pt_br/,language switcher
snowflake.com,snowflake.com,nav_footer,nav,Snowflake Summit 26,https://www.snowflake.com/en/summit/,"event, report or content"
snowflake.com,snowflake.com,sitemap,product,Downloads,https://www.snowflake.com/en/product/snowflake-coco/downloads/,"site section, not an offering"
snowflake.com,snowflake.com,sitemap,product,Marketplace,https://www.snowflake.com/en/product/features/marketplace/,"site section, not an offering"
snowflake.com,snowflake.com,sitemap,solution,Finance,https://www.snowflake.com/en/solutions/departments/finance/,industry or vertical
snowflake.com,snowflake.com,nav_footer,solution,Financial Services,https://www.snowflake.com/en/solutions/industries/financial-services/,industry or vertical
snowflake.com,snowflake.com,nav_footer,solution,Manufacturing,https://www.snowflake.com/en/solutions/industries/manufacturing/,industry or vertical
snowflake.com,snowflake.com,sitemap,solution,Marketing,https://www.snowflake.com/en/solutions/departments/marketing/,"site section, not an offering"
snowflake.com,snowflake.com,sitemap,solution,Professional Services,https://www.snowflake.com/ja/solutions/professional-services/,industry or vertical
snowflake.com,snowflake.com,nav_footer,solution,Public Sector,https://www.snowflake.com/en/solutions/industries/public-sector/,industry or vertical
snowflake.com,snowflake.com,nav_footer,solution,Telecom,https://www.snowflake.com/en/solutions/industries/telecom/,industry or vertical
snyk.io,snyk.io,sitemap,platform,Deployment Options,https://snyk.io/platform/deployment-options/,"site section, not an offering"
socradar.io,socradar.io,nav_header,nav,Plans & Pricing,https://socradar.io/plans-and-pricing/,"pricing, legal or admin"
sonicwall.com,sonicwall.com,nav_footer,nav,Awards,https://www.sonicwall.com/about-sonicwall/awards,"site section, not an offering"
sonicwall.com,sonicwall.com,nav_header,nav,Find a Partner,https://www.sonicwall.com/partner-locator,"site section, not an offering"
sonicwall.com,sonicwall.com,nav_header,solution,Financial Services,https://www.sonicwall.com/solutions/industry/financial-services,industry or vertical
sonicwall.com,sonicwall.com,nav_header,solution,Healthcare,https://www.sonicwall.com/solutions/industry/healthcare,industry or vertical
sonicwall.com,sonicwall.com,nav_header,solution,Higher Education,https://www.sonicwall.com/solutions/industry/higher-education,industry or vertical
sonicwall.com,sonicwall.com,sitemap,solution,Industry,https://www.sonicwall.com/solutions/industry,"site section, not an offering"
sonicwall.com,sonicwall.com,nav_header,solution,Local Government,https://www.sonicwall.com/solutions/industry/local-government,industry or vertical
sonicwall.com,sonicwall.com,nav_header,solution,State Government,https://www.sonicwall.com/solutions/industry/state-government,industry or vertical
spharaka.com,spharaka.com,nav_footer,nav,Guides,https://spharaka.com/guides,"site section, not an offering"
spharaka.com,spharaka.com,nav_footer,solution,Energy and Utilities,https://spharaka.com/solutions/industries/energy-utilities,industry or vertical
spharaka.com,spharaka.com,nav_footer,solution,Manufacturing,https://spharaka.com/solutions/industries/manufacturing,industry or vertical
spog.ai,spog.ai,nav_header,nav,Press Release,https://spog.ai/press-release-sebi-symposium.html,"event, report or content"
stellarinfo.co.in,stellarinfo.co.in,nav_header,nav,Bengaluru,https://www.stellarinfo.co.in/locations/data-recovery-bengaluru.php,place or region
stellarinfo.co.in,stellarinfo.co.in,nav_header,nav,Case Study,https://www.stellarinfo.co.in/case-study/,"site section, not an offering"
stellarinfo.co.in,stellarinfo.co.in,nav_header,nav,Delhi,https://www.stellarinfo.co.in/locations/data-recovery-delhi-np.php,place or region
stellarinfo.co.in,stellarinfo.co.in,nav_header,nav,France,https://www.stellardata.fr,place or region
stellarinfo.co.in,stellarinfo.co.in,nav_header,nav,Mumbai,https://www.stellarinfo.co.in/locations/data-recovery-mumbai.php,place or region
stellarinfo.co.in,stellarinfo.co.in,nav_header,nav,UK,https://www.stellardatarecovery.co.uk,place or region
stellarinfo.co.in,stellarinfo.co.in,nav_header,nav,United States,https://www.stellarinfo.com,place or region
stellarinfo.co.in,stellarinfo.co.in,nav_footer,offering,Upgrade & Renewal,https://www.stellarinfo.co.in/software/upgrade/,"pricing, legal or admin"
stradaglobal.com,stradaglobal.com,nav_footer,nav,Asia,https://www.stradaglobal.com/asia/,place or region
stradaglobal.com,stradaglobal.com,nav_footer,nav,Cookie Notice,https://www.stradaglobal.com/cookie-notice/,"pricing, legal or admin"
stradaglobal.com,stradaglobal.com,nav_header,nav,Finance,https://www.stradaglobal.com/who-we-serve/finance/,industry or vertical
stradaglobal.com,stradaglobal.com,nav_header,nav,Financial Services,https://www.stradaglobal.com/who-we-serve/financial-services/,industry or vertical
stradaglobal.com,stradaglobal.com,nav_footer,nav,France,https://www.stradaglobal.com/fr/,place or region
stradaglobal.com,stradaglobal.com,nav_footer,nav,Germany,https://www.stradaglobal.com/de/,place or region
stradaglobal.com,stradaglobal.com,nav_header,nav,Healthcare,https://www.stradaglobal.com/who-we-serve/healthcare/,industry or vertical
stradaglobal.com,stradaglobal.com,nav_footer,nav,Italy,https://www.stradaglobal.com/it/,place or region
stradaglobal.com,stradaglobal.com,nav_header,nav,Manufacturing,https://www.stradaglobal.com/who-we-serve/manufacturing/,industry or vertical
stradaglobal.com,stradaglobal.com,nav_footer,nav,Netherlands,https://www.stradaglobal.com/nl/,place or region
stradaglobal.com,stradaglobal.com,nav_header,nav,Professional Services,https://www.stradaglobal.com/who-we-serve/professional-services/,industry or vertical
stradaglobal.com,stradaglobal.com,nav_header,nav,Public Sector,https://www.stradaglobal.com/who-we-serve/public-sector/,industry or vertical
stradaglobal.com,stradaglobal.com,nav_footer,nav,Spain,https://www.stradaglobal.com/es/,place or region
stradaglobal.com,stradaglobal.com,nav_footer,nav,UK,https://www.stradaglobal.com/gb/,place or region
stradaglobal.com,stradaglobal.com,nav_header,platform,Platform overview,https://www.stradaglobal.com/what-we-offer/platform/,"site section, not an offering"
stradaglobal.com,stradaglobal.com,sitemap,service,Customer Care,https://stradaglobal.com/what-we-offer/services/people-services/customer-care/,"site section, not an offering"
strobes.co,strobes.co,nav_footer,solution,Healthcare,https://strobes.co/solutions/industries/healthcare,industry or vertical
strobes.co,strobes.co,nav_footer,solution,Manufacturing,https://strobes.co/solutions/industries/manufacturing,industry or vertical
strobes.co,strobes.co,nav_footer,solution,Retail,https://strobes.co/solutions/industries/retail,industry or vertical
symphonyai.com,symphonyai.com,nav_header,nav,Customer,https://www.symphonyai.com/customers,"site section, not an offering"
symphonyai.com,symphonyai.com,nav_footer,nav,Financial Services,https://www.symphonyai.com/financial-services,industry or vertical
symphonyai.com,symphonyai.com,nav_footer,nav,Industrial,https://www.symphonyai.com/industrial,industry or vertical
symphonyai.com,symphonyai.com,nav_footer,nav,Media,https://www.symphonyai.com/media,industry or vertical
sysdig.com,sysdig.com,nav_header,nav,English,https://sysdig.com/?r=0,language switcher
sysdig.com,sysdig.com,nav_footer,nav,slack,https://slack.sysdig.com/,third-party brand (partner or integration reference)
systech.co.in,systech.co.in,nav_footer,nav,Case Study,https://systech.co.in/case-study/,"site section, not an offering"
systech.co.in,systech.co.in,nav_footer,nav,Clients,https://systech.co.in/our-clients/,"site section, not an offering"
systech.co.in,systech.co.in,nav_header,nav,Leadership Team,https://systech.co.in/leadership-team/,"people, careers or company"
systech.co.in,systech.co.in,nav_footer,nav,Newsletter,https://systech.co.in/newsletter/1/,"event, report or content"
systech.co.in,systech.co.in,nav_header,nav,Press Release / Awards,https://systech.co.in/press-release-awards/,"event, report or content"
systech.co.in,systech.co.in,nav_footer,nav,[email protected],https://systech.co.in/cdn-cgi/l/email-protection#2d5e4c41485e6d5e545e59484e45034e42034443,obfuscated email address
tatacommunications.com,tatacommunications.com,sitemap,offering,ISO 27001 2013,https://www.tatacommunications.com/cloud/compliance/iso-27001-2013,date or release cycle
tatacommunications.com,tatacommunications.com,sitemap,offering,ISO 27017 2015,https://www.tatacommunications.com/cloud/compliance/iso-27017-2015,date or release cycle
tatacommunications.com,tatacommunications.com,sitemap,offering,OT Security Datasheet,https://www.tatacommunications.com/resourcehub/security/ot-security-datasheet,"event, report or content"
tatacommunications.com,tatacommunications.com,sitemap,offering,Professional Services,https://www.tatacommunications.com/cloud/professional-services,industry or vertical
tatatelebusiness.com,tatatelebusiness.com,nav_header,capability,All,https://www.tatatelebusiness.com/features/,"site section, not an offering"
tatatelebusiness.com,tatatelebusiness.com,nav_header,nav,Annual Report,https://www.tatatelebusiness.com/annual-report/,"people, careers or company"
tatatelebusiness.com,tatatelebusiness.com,nav_header,nav,Awards & Recognition,https://www.tatatelebusiness.com/about-us/#awardRecognition,"site section, not an offering"
tatatelebusiness.com,tatatelebusiness.com,nav_header,nav,Board of Directors,https://www.tatatelebusiness.com/board-of-directors/,"people, careers or company"
tatatelebusiness.com,tatatelebusiness.com,nav_header,nav,Customer Service,https://www.tatatelebusiness.com/customer-services/,"site section, not an offering"
tatatelebusiness.com,tatatelebusiness.com,nav_footer,nav,Microsoft Office Pricing,https://www.tatatelebusiness.com/microsoft-office-pricing/,"pricing, legal or admin"
tcpwave.in,tcpwave.in,nav_footer,nav,Culture,https://www.tcpwave.in/tcpwave-culture/,"people, careers or company"
tcpwave.in,tcpwave.in,nav_header,nav,Guides,https://www.tcpwave.in/twc-guides/,"site section, not an offering"
tcpwave.in,tcpwave.in,nav_footer,nav,Press Releases,https://www.tcpwave.in/press-releases/,"site section, not an offering"
tcpwave.in,tcpwave.in,nav_footer,nav,Professional Services,https://www.tcpwave.in/tcpwave-dns-deployment-assistance/,industry or vertical
teamviewer.com,teamviewer.com,sitemap,product,Success Stories,https://www.teamviewer.com/ams/products/remote/success-stories/,"site section, not an offering"
teamviewer.com,teamviewer.com,sitemap,product,Trial,https://www.teamviewer.com/ams/products/remote/trial/,"site section, not an offering"
teamviewer.com,teamviewer.com,sitemap,solution,Agriculture,https://www.teamviewer.com/ams/solutions/industries/agriculture/,industry or vertical
teamviewer.com,teamviewer.com,sitemap,solution,Automotive,https://www.teamviewer.com/ams/solutions/industries/automotive/,industry or vertical
teamviewer.com,teamviewer.com,sitemap,solution,Customer Support,https://www.teamviewer.com/ams/solutions/roles/customer-support/,"site section, not an offering"
teamviewer.com,teamviewer.com,sitemap,solution,Education,https://www.teamviewer.com/ams/solutions/industries/education/,industry or vertical
teamviewer.com,teamviewer.com,sitemap,solution,Energy,https://www.teamviewer.com/ams/solutions/industries/energy/,industry or vertical
teamviewer.com,teamviewer.com,sitemap,solution,Federal,https://www.teamviewer.com/ams/solutions/industries/federal/,industry or vertical
teamviewer.com,teamviewer.com,sitemap,solution,Financial Services,https://www.teamviewer.com/ams/solutions/industries/financial-services/,industry or vertical
teamviewer.com,teamviewer.com,sitemap,solution,Healthcare,https://www.teamviewer.com/ams/solutions/industries/healthcare/,industry or vertical
teamviewer.com,teamviewer.com,sitemap,solution,Logistics,https://www.teamviewer.com/ams/solutions/industries/logistics/,industry or vertical
teamviewer.com,teamviewer.com,sitemap,solution,Manufacturing,https://www.teamviewer.com/ams/solutions/industries/manufacturing/,industry or vertical
teamviewer.com,teamviewer.com,sitemap,solution,Public Sector,https://www.teamviewer.com/ams/solutions/industries/public-sector/,industry or vertical
teamviewer.com,teamviewer.com,sitemap,solution,Retail,https://www.teamviewer.com/ams/solutions/industries/retail/,industry or vertical
techdata.com,techdata.com,nav_header,nav,AWS,https://www.tdsynnex.com/na/us/aws/,third-party brand (partner or integration reference)
techdata.com,techdata.com,nav_header,nav,Cisco,https://www.tdsynnex.com/na/us/cisco,third-party brand (partner or integration reference)
techdata.com,techdata.com,nav_header,nav,Customer Care,https://www.tdsynnex.com/na/us/td-synnex-customer-care/,"site section, not an offering"
techdata.com,techdata.com,nav_header,nav,Fortinet,https://www.tdsynnex.com/na/us/fortinet/,third-party brand (partner or integration reference)
techdata.com,techdata.com,nav_header,nav,Google,https://www.tdsynnex.com/na/us/google/,third-party brand (partner or integration reference)
techdata.com,techdata.com,nav_header,nav,IBM,https://www.tdsynnex.com/na/us/ibm/,third-party brand (partner or integration reference)
techdata.com,techdata.com,nav_header,nav,Investor Relations,https://ir.tdsynnex.com/ir-home/default.aspx,"people, careers or company"
techdata.com,techdata.com,nav_header,nav,Microsoft,https://www.tdsynnex.com/na/us/Microsoft/,third-party brand (partner or integration reference)
techdata.com,techdata.com,nav_header,nav,Palo Alto Networks,https://www.tdsynnex.com/na/us/palo-alto-networks/,third-party brand (partner or integration reference)
techdata.com,techdata.com,nav_header,nav,VMware,https://www.tdsynnex.com/na/us/vmware/,third-party brand (partner or integration reference)
techjockey.com,techjockey.com,nav_footer,nav,Cancellation & Refund,https://www.techjockey.com/company/refund-policy,"pricing, legal or admin"
techjockey.com,techjockey.com,nav_footer,nav,Enterprise,https://www.techjockey.com/enterprise,industry or vertical
techjockey.com,techjockey.com,nav_header,nav,USA,https://www.techjockey.com/us/,place or region
techprescient.com,techprescient.com,sitemap,industry,Energy,https://www.techprescient.com/identity-confluence/industries/energy/,industry or vertical
techprescient.com,techprescient.com,sitemap,industry,Federal Government,https://www.techprescient.com/identity-confluence/industries/federal-government/,industry or vertical
techprescient.com,techprescient.com,nav_footer,industry,Financial Services,https://www.techprescient.com/identity-confluence/industries/financial-services/,industry or vertical
techprescient.com,techprescient.com,nav_footer,industry,Healthcare,https://www.techprescient.com/identity-confluence/industries/healthcare/,industry or vertical
techprescient.com,techprescient.com,nav_footer,industry,Manufacturing,https://www.techprescient.com/identity-confluence/industries/manufacturing/,industry or vertical
techprescient.com,techprescient.com,sitemap,industry,Retail,https://www.techprescient.com/industries/retail/,industry or vertical
techprescient.com,techprescient.com,nav_footer,industry,Telecommunications,https://www.techprescient.com/identity-confluence/industries/telecommunication/,industry or vertical
techprescient.com,techprescient.com,nav_footer,nav,Cookie Preferences,https://www.techprescient.com/policy/privacy-policy/,"pricing, legal or admin"
tenable.com,tenable.com,sitemap,offering,Tns 2010 01,https://www.tenable.com/security/tns-2010-01,date or release cycle
tenable.com,tenable.com,sitemap,offering,Tns 2010 02,https://www.tenable.com/security/tns-2010-02,date or release cycle
tenable.com,tenable.com,sitemap,offering,Tns 2010 03,https://www.tenable.com/security/tns-2010-03,date or release cycle
tenable.com,tenable.com,sitemap,offering,Tns 2011 01,https://www.tenable.com/security/tns-2011-01,date or release cycle
tenable.com,tenable.com,sitemap,offering,Tns 2013 01,https://www.tenable.com/security/tns-2013-01,date or release cycle
tenable.com,tenable.com,sitemap,offering,Tns 2014 01,https://www.tenable.com/security/tns-2014-01,date or release cycle
tenable.com,tenable.com,sitemap,offering,Tns 2014 02,https://www.tenable.com/security/tns-2014-02,date or release cycle
tenable.com,tenable.com,sitemap,offering,Tns 2014 03,https://www.tenable.com/security/tns-2014-03,date or release cycle
tenable.com,tenable.com,sitemap,offering,Tns 2014 04,https://www.tenable.com/security/tns-2014-04,date or release cycle
tenable.com,tenable.com,sitemap,offering,Tns 2014 05,https://www.tenable.com/security/tns-2014-05,date or release cycle
tenable.com,tenable.com,sitemap,offering,Tns 2014 06,https://www.tenable.com/security/tns-2014-06,date or release cycle
tenable.com,tenable.com,sitemap,offering,Tns 2014 07,https://www.tenable.com/security/tns-2014-07,date or release cycle
tenable.com,tenable.com,sitemap,offering,Tns 2014 08,https://www.tenable.com/security/tns-2014-08,date or release cycle
tenable.com,tenable.com,sitemap,offering,Tns 2014 09,https://www.tenable.com/security/tns-2014-09,date or release cycle
tenable.com,tenable.com,sitemap,offering,Tns 2014 10,https://www.tenable.com/security/tns-2014-10,date or release cycle
tenable.com,tenable.com,sitemap,offering,Tns 2014 11,https://www.tenable.com/security/tns-2014-11,date or release cycle
tenable.com,tenable.com,sitemap,offering,Tns 2015 01,https://www.tenable.com/security/tns-2015-01,date or release cycle
tenable.com,tenable.com,sitemap,offering,Tns 2015 02,https://www.tenable.com/security/tns-2015-02,date or release cycle
tenable.com,tenable.com,sitemap,offering,Tns 2015 03,https://www.tenable.com/security/tns-2015-03,date or release cycle
tenable.com,tenable.com,sitemap,offering,Tns 2015 04,https://www.tenable.com/security/tns-2015-04,date or release cycle
tenable.com,tenable.com,sitemap,offering,Tns 2015 05,https://www.tenable.com/security/tns-2015-05,date or release cycle
tenable.com,tenable.com,sitemap,offering,Tns 2015 06,https://www.tenable.com/security/tns-2015-06,date or release cycle
tenable.com,tenable.com,sitemap,offering,Tns 2015 07,https://www.tenable.com/security/tns-2015-07,date or release cycle
tenable.com,tenable.com,sitemap,solution,Aws,https://www.tenable.com/cloud-security/solutions/aws,third-party brand (partner or integration reference)
tenable.com,tenable.com,sitemap,solution,Azure,https://www.tenable.com/cloud-security/solutions/azure,third-party brand (partner or integration reference)
tenable.com,tenable.com,nav_header,solution,Education,https://www.tenable.com/solutions/education,industry or vertical
tenable.com,tenable.com,nav_header,solution,Energy,https://www.tenable.com/solutions/energy,industry or vertical
tenable.com,tenable.com,nav_header,solution,Healthcare,https://www.tenable.com/solutions/healthcare,industry or vertical
tenable.com,tenable.com,nav_header,solution,Retail,https://www.tenable.com/solutions/retail,industry or vertical
thoughtworks.com,thoughtworks.com,nav_header,nav,Automotive,https://www.thoughtworks.com/clients/automotive,industry or vertical
thoughtworks.com,thoughtworks.com,nav_header,nav,Chinese,https://www.thoughtworks.com/zh-cn,language switcher
thoughtworks.com,thoughtworks.com,nav_header,nav,Deutsch,https://www.thoughtworks.com/de-de,language switcher
thoughtworks.com,thoughtworks.com,nav_footer,nav,"Diversity, Equity and Inclusion",https://www.thoughtworks.com/about-us/diversity-and-inclusion,"people, careers or company"
thoughtworks.com,thoughtworks.com,nav_header,nav,Energy,https://www.thoughtworks.com/clients/cleantech-energy-utilities,industry or vertical
thoughtworks.com,thoughtworks.com,nav_header,nav,English,https://www.thoughtworks.com/en-au,language switcher
thoughtworks.com,thoughtworks.com,nav_header,nav,Español,https://www.thoughtworks.com/es-cl,language switcher
thoughtworks.com,thoughtworks.com,nav_header,nav,Financial Services,https://www.thoughtworks.com/clients/financial-services,industry or vertical
thoughtworks.com,thoughtworks.com,nav_header,nav,Português,https://www.thoughtworks.com/pt-br,language switcher
thoughtworks.com,thoughtworks.com,nav_footer,nav,Privacy policy and cookie settings,https://www.thoughtworks.com/about-us/privacy-policy,"pricing, legal or admin"
thoughtworks.com,thoughtworks.com,nav_header,nav,Public Sector,https://www.thoughtworks.com/clients/public-sector,industry or vertical
thoughtworks.com,thoughtworks.com,nav_header,nav,Utilities,https://www.thoughtworks.com/clients/power-and-utilities,industry or vertical
thoughtworks.com,thoughtworks.com,sitemap,offering,Aws,https://www.thoughtworks.com/about-us/partnerships/cloud/aws,third-party brand (partner or integration reference)
thoughtworks.com,thoughtworks.com,sitemap,offering,Microsoft,https://www.thoughtworks.com/about-us/partnerships/cloud/microsoft,third-party brand (partner or integration reference)
thoughtworks.com,thoughtworks.com,sitemap,technology,Databricks,https://www.thoughtworks.com/about-us/partnerships/technology/databricks,third-party brand (partner or integration reference)
thoughtworks.com,thoughtworks.com,sitemap,technology,Snowflake,https://www.thoughtworks.com/about-us/partnerships/technology/snowflake,third-party brand (partner or integration reference)
thoughtworks.com,thoughtworks.com,sitemap,technology,Stripe,https://www.thoughtworks.com/about-us/partnerships/technology/stripe,third-party brand (partner or integration reference)
tothenew.com,tothenew.com,sitemap,industry,Capital Markets,https://www.tothenew.com/industries/bfsi/capital-markets,industry or vertical
tothenew.com,tothenew.com,sitemap,industry,Ecommerce,https://www.tothenew.com/industries/ecommerce,industry or vertical
tothenew.com,tothenew.com,nav_header,industry,Financial Services,https://www.tothenew.com/industries/bfsi,industry or vertical
tothenew.com,tothenew.com,sitemap,industry,Gaming,https://www.tothenew.com/industries/igaming/gaming,industry or vertical
tothenew.com,tothenew.com,nav_header,industry,Insurance,https://www.tothenew.com/industries/insurance,industry or vertical
tothenew.com,tothenew.com,nav_header,industry,Media & Entertainment,https://www.tothenew.com/industries/media-entertainment-solutions,industry or vertical
tothenew.com,tothenew.com,sitemap,industry,Sports,https://www.tothenew.com/industries/igaming/sports,industry or vertical
tothenew.com,tothenew.com,nav_header,nav,Insights,https://www.tothenew.com/insights,"site section, not an offering"
tothenew.com,tothenew.com,nav_footer,nav,Newsletter,https://www.tothenew.com/insights/newsletter,"event, report or content"
tothenew.com,tothenew.com,nav_footer,nav,Press Releases,https://www.tothenew.com/newsroom/press-release,"site section, not an offering"
tothenew.com,tothenew.com,nav_footer,nav,Responsible Disclosure,https://www.tothenew.com/responsible-disclosure,"site section, not an offering"
tothenew.com,tothenew.com,nav_footer,nav,Success Stories,https://www.tothenew.com/insights/case-studies,"site section, not an offering"
trendmicro.com,trendmicro.com,nav_footer,nav,Deutsch,https://www.trendmicro.com/de_de.html,language switcher
trendmicro.com,trendmicro.com,nav_footer,nav,English,https://www.trendmicro.com/en/business.html,language switcher
trendmicro.com,trendmicro.com,nav_footer,nav,Français,https://www.trendmicro.com/fr_fr.html,language switcher
trendmicro.com,trendmicro.com,nav_footer,nav,Italiano,https://www.trendmicro.com/it_it.html,language switcher
trendmicro.com,trendmicro.com,nav_footer,nav,Polski,https://www.trendmicro.com/pl_pl.html,language switcher
trendmicro.com,trendmicro.com,nav_footer,nav,Português,https://www.trendmicro.com/pt_br.html,language switcher
trendmicro.com,trendmicro.com,nav_footer,nav,Türkçe,https://www.trendmicro.com/tr_tr.html,language switcher
trendmicro.com,trendmicro.com,sitemap,product,Deployment Options,https://www.trendmicro.com/ja_jp/business/products/deployment-options.html,"site section, not an offering"
trendmicro.com,trendmicro.com,sitemap,product,Downloads,https://www.trendmicro.com/en/business/products/downloads.html,"site section, not an offering"
trendmicro.com,trendmicro.com,sitemap,product,Support Services,https://www.trendmicro.com/ja_jp/business/products/support-services.html,"site section, not an offering"
triamsecurity.com,triamsecurity.com,nav_header,industry,Financial Services,https://triamsecurity.com/industries/financial-services-container-security,industry or vertical
triamsecurity.com,triamsecurity.com,nav_header,nav,Guides,https://triamsecurity.com/guide,"site section, not an offering"
triamsecurity.com,triamsecurity.com,nav_header,nav,Podcast,https://triamsecurity.com/podcast,"event, report or content"
triamsecurity.com,triamsecurity.com,nav_header,nav,Resource Center,https://triamsecurity.com/resource-center,"site section, not an offering"
tricentis.com,tricentis.com,nav_footer,nav,Customer support,https://support-hub.tricentis.com/open,"site section, not an offering"
tricentis.com,tricentis.com,nav_footer,nav,Learn,https://www.tricentis.com/learn,"site section, not an offering"
tricentis.com,tricentis.com,nav_footer,nav,Locations,https://www.tricentis.com/locations,"site section, not an offering"
tricentis.com,tricentis.com,nav_footer,nav,Product documentation,https://docs.tricentis.com,"site section, not an offering"
tricentis.com,tricentis.com,nav_footer,nav,Recent conference highlights,https://www.tricentis.com/conference-highlights,"event, report or content"
tricentis.com,tricentis.com,nav_header,nav,SAP,https://www.tricentis.com/sap,third-party brand (partner or integration reference)
tricentis.com,tricentis.com,nav_header,nav,Salesforce,https://www.tricentis.com/salesforce,third-party brand (partner or integration reference)
tricentis.com,tricentis.com,sitemap,product,Enterprise,https://www.tricentis.com/products/test-automation-web-apps-testim/enterprise,industry or vertical
tricentis.com,tricentis.com,sitemap,solution,Defense,https://www.tricentis.com/solutions/public-sector/defense,industry or vertical
tricentis.com,tricentis.com,sitemap,solution,Education,https://www.tricentis.com/solutions/public-sector/education,industry or vertical
tricentis.com,tricentis.com,nav_header,solution,Energy & Utilities,https://www.tricentis.com/solutions/energy,industry or vertical
tricentis.com,tricentis.com,sitemap,solution,Federal Government,https://www.tricentis.com/solutions/public-sector/federal-government,industry or vertical
tricentis.com,tricentis.com,nav_header,solution,Financial Services,https://www.tricentis.com/solutions/financial-services,industry or vertical
tricentis.com,tricentis.com,nav_header,solution,Insurance,https://www.tricentis.com/solutions/insurance,industry or vertical
tricentis.com,tricentis.com,sitemap,solution,Manufacturing,https://www.tricentis.com/solutions/manufacturing,industry or vertical
tricentis.com,tricentis.com,nav_header,solution,Public Sector,https://www.tricentis.com/solutions/public-sector,industry or vertical
tricentis.com,tricentis.com,sitemap,solution,Retail,https://www.tricentis.com/solutions/retail,industry or vertical
tricentis.com,tricentis.com,sitemap,solution,Telecom,https://www.tricentis.com/solutions/telecom,industry or vertical
truecopy.in,truecopy.in,nav_header,nav,Automotive,https://truecopy.in/digital-signatures-in-automotive-industry/,industry or vertical
truecopy.in,truecopy.in,nav_header,nav,Chemicals,https://truecopy.in/digital-signatures-in-chemicals-industry/,industry or vertical
truecopy.in,truecopy.in,nav_footer,nav,Clients,https://truecopy.in/clients/,"site section, not an offering"
truecopy.in,truecopy.in,nav_header,nav,Education,https://truecopy.in/digital-signatures-in-education-industry/,industry or vertical
truecopy.in,truecopy.in,nav_header,nav,Government,https://truecopy.in/digital-signatures-in-government-sector/,industry or vertical
truecopy.in,truecopy.in,nav_header,nav,Manufacturing,https://truecopy.in/digital-signatures-in-manufacturing-industry/,industry or vertical
truecopy.in,truecopy.in,nav_footer,nav,Oracle,https://truecopy.in/oracle-integrations/,third-party brand (partner or integration reference)
truecopy.in,truecopy.in,nav_header,nav,Real Estate,https://truecopy.in/digital-signatures-in-real-estate-and-construction/,industry or vertical
truecopy.in,truecopy.in,nav_footer,nav,Refund Policy,https://truecopy.in/refund-policy/,"pricing, legal or admin"
truecopy.in,truecopy.in,nav_footer,nav,Salesforce,https://truecopy.in/salesforce-integrations/,third-party brand (partner or integration reference)
truecopy.in,truecopy.in,nav_footer,use_case,Finance,https://truecopy.in/use-cases/finance/,industry or vertical
truecopy.in,truecopy.in,nav_footer,use_case,Human Resources,https://truecopy.in/use-cases/human-resources/,industry or vertical
truvisor.io,truvisor.io,nav_footer,nav,Asia,https://www.truvisor.io,place or region
truvisor.io,truvisor.io,nav_footer,nav,INDIA,https://www.truvisor.io/IN/,place or region
tsaaro.com,tsaaro.com,nav_footer,nav,Newsletter,https://tsaaro.com/newsletter,"event, report or content"
tsaaro.com,tsaaro.com,nav_footer,nav,Privacy Statement,https://tsaaro.com/privacy-statement,"site section, not an offering"
tsaaro.com,tsaaro.com,nav_footer,nav,Whitepaper,https://tsaaro.com/whitepaper,"event, report or content"
ubuntu.com,ubuntu.com,nav_footer,nav,Community,https://ubuntu.com/community,"site section, not an offering"
ubuntu.com,ubuntu.com,nav_footer,nav,Consulting,https://ubuntu.com/ceph/consulting,"site section, not an offering"
ubuntu.com,ubuntu.com,nav_footer,nav,Downloads,https://ubuntu.com/download,"site section, not an offering"
ubuntu.com,ubuntu.com,nav_footer,nav,Public sector,https://canonical.com/public-sector,industry or vertical
ubuntu.com,ubuntu.com,nav_footer,nav,Success stories,https://ubuntu.com/core/stories,"site section, not an offering"
ubuntu.com,ubuntu.com,sitemap,offering,Kafka,https://ubuntu.com/managed/apps/kafka,third-party brand (partner or integration reference)
ubuntu.com,ubuntu.com,nav_footer,solution,Automotive,https://canonical.com/solutions/automotive,industry or vertical
ubuntu.com,ubuntu.com,nav_footer,solution,Finance,https://canonical.com/solutions/financial-services,industry or vertical
ubuntu.com,ubuntu.com,nav_footer,solution,Industrial,https://canonical.com/solutions/industrial,industry or vertical
uipath.com,uipath.com,sitemap,product,2019 Fast Track Release,https://www.uipath.com/product/platform/2019-fast-track-release,date or release cycle
uipath.com,uipath.com,nav_footer,solution,By industry,https://www.uipath.com/solutions/industry,"site section, not an offering"
uipath.com,uipath.com,sitemap,solution,Case Study,https://www.uipath.com/ja/solutions/case-study,"site section, not an offering"
uipath.com,uipath.com,nav_header,solution,Human Resources,https://www.uipath.com/solutions/department/hr-automation,industry or vertical
uipath.com,uipath.com,sitemap,solution,Industry,https://www.uipath.com/fr/solutions/industry,"site section, not an offering"
uipath.com,uipath.com,sitemap,solution,Process,https://www.uipath.com/ja/solutions/process,"site section, not an offering"
uipath.com,uipath.com,sitemap,solution,Pwc Software Robotics Whitepaper,https://www.uipath.com/solutions/whitepapers-old-feb2020/pwc-software-robotics-whitepaper,"event, report or content"
unosecur.com,unosecur.com,nav_footer,nav,Events & Webinars,https://events.unosecur.com/,"site section, not an offering"
unosecur.com,unosecur.com,nav_footer,nav,Legal,https://www.unosecur.com/subprocessors,industry or vertical
upguard.com,upguard.com,sitemap,industry,Education,https://www.upguard.com/industries/education,industry or vertical
upguard.com,upguard.com,nav_footer,industry,Financial Services,https://www.upguard.com/industries/financial-services,industry or vertical
upguard.com,upguard.com,nav_footer,industry,Healthcare,https://www.upguard.com/industries/healthcare,industry or vertical
upguard.com,upguard.com,sitemap,solution,Insights,https://www.upguard.com/solutions/ai-security/insights,"site section, not an offering"
upwind.io,upwind.io,nav_footer,nav,Blog (Feed),https://www.upwind.io/feed,"event, report or content"
veeam.com,veeam.com,sitemap,product,Demos,https://www.veeam.com/de/products/veeam-data-platform/demos.html,"site section, not an offering"
veeam.com,veeam.com,nav_header,product,Downloads,https://www.veeam.com/products/downloads.html,"site section, not an offering"
veeam.com,veeam.com,sitemap,product,Enterprise Packaging Pricing Options,https://www.veeam.com/products/veeam-data-platform/enterprise-packaging-pricing-options.html,"pricing, legal or admin"
veeam.com,veeam.com,sitemap,product,Purchasing Pricing Options,https://www.veeam.com/products/purchasing-pricing-options.html,"pricing, legal or admin"
veeam.com,veeam.com,sitemap,product,Renewal,https://www.veeam.com/de/products/buy/renewal.html,"pricing, legal or admin"
veeam.com,veeam.com,nav_header,solution,AWS,https://www.veeam.com/solutions/alliance-partner/aws.html,third-party brand (partner or integration reference)
veeam.com,veeam.com,sitemap,solution,Cisco,https://www.veeam.com/solutions/alliance-partner/cisco.html,third-party brand (partner or integration reference)
veeam.com,veeam.com,nav_header,solution,Education,https://www.veeam.com/solutions/industry/education.html,industry or vertical
veeam.com,veeam.com,nav_header,solution,Enterprise,https://www.veeam.com/solutions/enterprise.html,industry or vertical
veeam.com,veeam.com,sitemap,solution,Google,https://www.veeam.com/solutions/alliance-partner/google.html,third-party brand (partner or integration reference)
veeam.com,veeam.com,nav_header,solution,Healthcare,https://www.veeam.com/solutions/industry/healthcare.html,industry or vertical
veeam.com,veeam.com,sitemap,solution,Ibm,https://www.veeam.com/solutions/alliance-partner/ibm.html,third-party brand (partner or integration reference)
veeam.com,veeam.com,nav_header,solution,Small Business,https://www.veeam.com/solutions/small-business.html,industry or vertical
veeam.com,veeam.com,sitemap,solution,Vmware,https://www.veeam.com/solutions/alliance-partner/vmware.html,third-party brand (partner or integration reference)
versa-networks.com,versa-networks.com,nav_footer,nav,Product Documentation,https://docs.versa-networks.com/,"site section, not an offering"
versa-networks.com,versa-networks.com,nav_header,solution,Education,https://versa-networks.com/solutions/industries/education/,industry or vertical
versa-networks.com,versa-networks.com,sitemap,solution,Energy Utilities,https://versa-networks.com/solutions/industries/energy-utilities/,industry or vertical
versa-networks.com,versa-networks.com,nav_header,solution,Federal Government,https://versa-networks.com/solutions/industries/federal-government/,industry or vertical
versa-networks.com,versa-networks.com,nav_header,solution,Financial Services,https://versa-networks.com/solutions/industries/financial-services/,industry or vertical
versa-networks.com,versa-networks.com,nav_header,solution,Healthcare,https://versa-networks.com/solutions/industries/healthcare/,industry or vertical
versa-networks.com,versa-networks.com,nav_header,solution,Hospitality,https://versa-networks.com/solutions/industries/hospitality/,industry or vertical
versa-networks.com,versa-networks.com,nav_header,solution,Manufacturing,https://versa-networks.com/solutions/industries/manufacturing/,industry or vertical
versa-networks.com,versa-networks.com,nav_header,solution,Oil & Gas,https://versa-networks.com/solutions/industries/oil-gas/,industry or vertical
versa-networks.com,versa-networks.com,nav_header,solution,Public Sector,https://versa-networks.com/solutions/industries/public-sector/,industry or vertical
versa-networks.com,versa-networks.com,nav_header,solution,Retail,https://versa-networks.com/solutions/industries/retail/,industry or vertical
versa-networks.com,versa-networks.com,nav_header,solution,Transportation,https://versa-networks.com/solutions/industries/transportation/,industry or vertical
voltactivedata.com,voltactivedata.com,nav_header,nav,Energy & Utilities,https://www.voltactivedata.com/smart-utilities/,industry or vertical
voltactivedata.com,voltactivedata.com,nav_footer,nav,License Agreement,https://www.voltactivedata.com/license-agreement/,"pricing, legal or admin"
voltactivedata.com,voltactivedata.com,nav_header,nav,Manufacturing,https://www.voltactivedata.com/manufacturing/,industry or vertical
voltactivedata.com,voltactivedata.com,nav_footer,nav,Press Releases,https://www.voltactivedata.com/company/press-releases/,"site section, not an offering"
voltactivedata.com,voltactivedata.com,nav_header,nav,Telecommunications,https://www.voltactivedata.com/telco/,industry or vertical
wearecloudrock.com,wearecloudrock.com,nav_header,nav,Insights,https://www.wearecloudrock.com/insights,"site section, not an offering"
wearecloudrock.com,wearecloudrock.com,nav_header,nav,Oracle,https://www.wearecloudrock.com/oracle,third-party brand (partner or integration reference)
wearecloudrock.com,wearecloudrock.com,nav_footer,nav,Recruitment privacy policy,https://www.wearecloudrock.com/recruitment-privacy-policy,"pricing, legal or admin"
wearecloudrock.com,wearecloudrock.com,nav_header,nav,SAP,https://www.wearecloudrock.com/sap,third-party brand (partner or integration reference)
wearecloudrock.com,wearecloudrock.com,nav_header,nav,ServiceNow,https://www.wearecloudrock.com/servicenow,third-party brand (partner or integration reference)
wearecloudrock.com,wearecloudrock.com,nav_header,nav,Workday,https://www.wearecloudrock.com/workday,third-party brand (partner or integration reference)
westconcomstor.com,westconcomstor.com,nav_header,nav,Apply now Find your career with us,http://westconcomstorhr.my.salesforce-sites.com/recruitment/fRecruit__ApplyJobList?portal=English,"people, careers or company"
westconcomstor.com,westconcomstor.com,nav_header,nav,Investor Contact Contact our investor relations team,https://www.westconcomstor.com/global/en/about-us/investor-relations/talk-to-us.html,"people, careers or company"
westconcomstor.com,westconcomstor.com,nav_header,nav,Investor Relations Read our Financial results,https://www.westconcomstor.com/global/en/about-us/investor-relations.html,"people, careers or company"
westconcomstor.com,westconcomstor.com,nav_footer,nav,Legal,https://www.westconcomstor.com/global/en/legal.html,industry or vertical
westconcomstor.com,westconcomstor.com,nav_footer,nav,Newsletter sign-up,https://p.westconcomstor.com/signup.html,"event, report or content"
westconcomstor.com,westconcomstor.com,sitemap,service,Education,https://www.westconcomstor.com/pt/pt/services/education.html,industry or vertical
whatfix.com,whatfix.com,nav_footer,nav,Awards,https://whatfix.com/awards/,"site section, not an offering"
whatfix.com,whatfix.com,nav_header,solution,Education,https://whatfix.com/solutions/education/,industry or vertical
whatfix.com,whatfix.com,nav_header,solution,Financial Services,https://whatfix.com/solutions/financial-services/,industry or vertical
whatfix.com,whatfix.com,nav_footer,solution,Healthcare,https://whatfix.com/solutions/healthcare/,industry or vertical
whatfix.com,whatfix.com,nav_footer,solution,Insurance,https://whatfix.com/solutions/insurance/,industry or vertical
whatfix.com,whatfix.com,sitemap,solution,Microsoft,https://whatfix.com/solutions/microsoft/,third-party brand (partner or integration reference)
whatfix.com,whatfix.com,sitemap,solution,Oracle,https://whatfix.com/solutions/oracle/,third-party brand (partner or integration reference)
whatfix.com,whatfix.com,sitemap,solution,Salesforce,https://whatfix.com/solutions/salesforce/,third-party brand (partner or integration reference)
whatfix.com,whatfix.com,sitemap,solution,Sap,https://whatfix.com/solutions/sap/,third-party brand (partner or integration reference)
workday.com,workday.com,sitemap,product,Canada,https://www.workday.com/en-us/products/payroll/canada.html,place or region
workday.com,workday.com,sitemap,product,Diversity Equity Inclusion,https://www.workday.com/nl-nl/products/employee-voice/diversity-equity-inclusion.html,"people, careers or company"
workday.com,workday.com,sitemap,product,Financial Services,https://www.workday.com/en-us/products/contract-management/financial-services.html,industry or vertical
workday.com,workday.com,sitemap,product,France,https://www.workday.com/en-us/products/payroll/france.html,place or region
workday.com,workday.com,sitemap,product,Healthcare,https://www.workday.com/en-us/products/contract-management/healthcare.html,industry or vertical
workday.com,workday.com,sitemap,product,Industry,https://www.workday.com/en-us/products/contract-management/industry.html,"site section, not an offering"
workday.com,workday.com,sitemap,product,Learning,https://www.workday.com/en-us/products/talent-management/learning.html,"site section, not an offering"
workday.com,workday.com,sitemap,product,United Kingdom,https://www.workday.com/en-us/products/payroll/united-kingdom.html,place or region
workday.com,workday.com,sitemap,product,United States,https://www.workday.com/en-us/products/payroll/united-states.html,place or region
xebia.com,xebia.com,nav_footer,nav,Cookie Statement,https://xebia.com/cookie-statement/,"pricing, legal or admin"
xebia.com,xebia.com,nav_footer,nav,Life at Xebia,https://xebia.com/life-at-xebia/,"people, careers or company"
xebia.com,xebia.com,nav_footer,nav,Privacy Statement,https://xebia.com/privacy-statement/,"site section, not an offering"
zarthi.com,zarthi.com,sitemap,solution,Explore,https://zarthi.com/solutions/services/explore,"site section, not an offering"
zimperium.com,zimperium.com,nav_footer,industry,Automotive,https://zimperium.com/industry/automotive,industry or vertical
zimperium.com,zimperium.com,nav_header,industry,Banking,https://zimperium.com/industry/finance/banking,industry or vertical
zimperium.com,zimperium.com,sitemap,industry,Federal Government,https://zimperium.com/industry/federal-government,industry or vertical
zimperium.com,zimperium.com,nav_footer,industry,Financial Services,https://zimperium.com/industry/finance,industry or vertical
zimperium.com,zimperium.com,nav_header,industry,Healthcare,https://zimperium.com/industry/healthcare,industry or vertical
zimperium.com,zimperium.com,sitemap,industry,Insurance,https://zimperium.com/industry/finance/insurance,industry or vertical
zimperium.com,zimperium.com,nav_footer,industry,Media & Entertainment,https://zimperium.com/industry/media-entertainment,industry or vertical
zimperium.com,zimperium.com,nav_footer,industry,Retail,https://zimperium.com/industry/retail,industry or vertical
zoho.com,zoho.com,sitemap,solution,Ecommerce,https://www.zoho.com/pagesense/solutions/ecommerce.html,industry or vertical
zoho.com,zoho.com,sitemap,solution,Small Business,https://www.zoho.com/landingpage/solutions/small-business.html,industry or vertical
zoho.com,zoho.com,sitemap,solution,Webinar Landing Pages,https://www.zoho.com/landingpage/solutions/webinar-landing-pages.html,"event, report or content"
zscaler.com,zscaler.com,sitemap,industry,Aerospace and Defense,https://www.zscaler.com/industries/aerospace-and-defense,industry or vertical
zscaler.com,zscaler.com,sitemap,industry,Education,https://www.zscaler.com/industries/public-sector/education,industry or vertical
zscaler.com,zscaler.com,sitemap,industry,Federal,https://www.zscaler.com/industries/public-sector/federal,industry or vertical
zscaler.com,zscaler.com,sitemap,industry,Financial Services,https://www.zscaler.com/industries/financial-services,industry or vertical
zscaler.com,zscaler.com,sitemap,industry,Healthcare,https://www.zscaler.com/industries/healthcare,industry or vertical
zscaler.com,zscaler.com,sitemap,industry,Manufacturing,https://www.zscaler.com/industries/manufacturing,industry or vertical
zscaler.com,zscaler.com,sitemap,industry,Public Sector,https://www.zscaler.com/industries/public-sector,industry or vertical
zscaler.com,zscaler.com,nav_footer,nav,Community,https://community.zscaler.com,"site section, not an offering"
zscaler.com,zscaler.com,nav_header,nav,Deutsch,https://www.zscaler.com/de,language switcher
zscaler.com,zscaler.com,nav_header,nav,English,https://www.zscaler.com/,language switcher
zscaler.com,zscaler.com,nav_header,nav,Français,https://www.zscaler.com/fr,language switcher
zscaler.com,zscaler.com,nav_header,nav,Italiano,https://www.zscaler.com/it,language switcher
zvolv.com,zvolv.com,nav_footer,nav,EULA,https://zvolv.com/eula/,"pricing, legal or admin"
zvolv.com,zvolv.com,nav_footer,nav,Explore,https://zvolv.com/zai/,"site section, not an offering"
zvolv.com,zvolv.com,nav_footer,nav,Healthcare,https://zvolv.com/healthcare/,industry or vertical
zvolv.com,zvolv.com,nav_footer,solution,Success Stories,https://zvolv.com/solutions/,"site section, not an offering"
